{
  "properties": {
    "connectionReferences": {
      "shared_sharepointonline": {
        "runtimeSource": "invoker",
        "connection": {
          "connectionReferenceLogicalName": "new_sharedsharepointonline_6fe76"
        },
        "api": {
          "name": "shared_sharepointonline"
        }
      }
    },
    "definition": {
      "$schema": "https://schema.management.azure.com/providers/Microsoft.Logic/schemas/2016-06-01/workflowdefinition.json#",
      "contentVersion": "1.0.0.0",
      "parameters": {
        "$authentication": {
          "defaultValue": {},
          "type": "SecureObject"
        },
        "$connections": {
          "defaultValue": {},
          "type": "Object"
        }
      },
      "triggers": {
        "manual": {
          "metadata": {
            "operationMetadataId": "41d469f6-ac62-48fc-bff2-3a975328bf07"
          },
          "type": "Request",
          "kind": "PowerAppV2",
          "inputs": {
            "schema": {
              "type": "object",
              "properties": {
                "text": {
                  "title": "Createfile_FileContent",
                  "type": "string",
                  "x-ms-dynamically-added": true,
                  "description": "Please enter your input",
                  "x-ms-content-hint": "TEXT"
                }
              },
              "required": [
                "text"
              ]
            }
          }
        }
      },
      "actions": {
        "Create_file": {
          "runAfter": {},
          "metadata": {
            "operationMetadataId": "650c84f5-4bcc-4ec1-9c5c-125889301ae0"
          },
          "type": "OpenApiConnection",
          "inputs": {
            "parameters": {
              "dataset": "https://crm921431.sharepoint.com/sites/mySites",
              "folderPath": "/Casualty Information Chart Library",
              "name": "@concat(utcNow(),'.jpg')",
              "body": "@base64ToBinary(triggerBody()['text'])"
            },
            "host": {
              "apiId": "/providers/Microsoft.PowerApps/apis/shared_sharepointonline",
              "operationId": "CreateFile",
              "connectionName": "shared_sharepointonline"
            }
          },
          "runtimeConfiguration": {
            "contentTransfer": {
              "transferMode": "Chunked"
            }
          }
        },
        "Get_file_properties": {
          "runAfter": {
            "Create_file": [
              "Succeeded"
            ]
          },
          "metadata": {
            "operationMetadataId": "5f2b6c37-09f1-42e5-90b4-f804538fb217"
          },
          "type": "OpenApiConnection",
          "inputs": {
            "parameters": {
              "dataset": "https://crm921431.sharepoint.com/sites/mySites",
              "table": "e4ff86ba-0478-4f2f-a414-d9a58754ced4",
              "id": "@outputs('Create_file')?['body/ItemId']"
            },
            "host": {
              "apiId": "/providers/Microsoft.PowerApps/apis/shared_sharepointonline",
              "operationId": "GetFileItem",
              "connectionName": "shared_sharepointonline"
            }
          }
        },
        "Create_item": {
          "runAfter": {
            "Get_file_properties": [
              "Succeeded"
            ]
          },
          "metadata": {
            "operationMetadataId": "d1037c8b-b74c-4935-947c-df21c2a864f6"
          },
          "type": "OpenApiConnection",
          "inputs": {
            "parameters": {
              "dataset": "https://crm921431.sharepoint.com/sites/mySites",
              "table": "492fd867-910a-4659-8977-a83942343130",
              "item/InjuryListLink": "@outputs('Get_file_properties')?['body/{Link}']"
            },
            "host": {
              "apiId": "/providers/Microsoft.PowerApps/apis/shared_sharepointonline",
              "operationId": "PostItem",
              "connectionName": "shared_sharepointonline"
            }
          }
        },
        "Respond_to_a_Power_App_or_flow": {
          "runAfter": {
            "Create_item": [
              "Succeeded"
            ]
          },
          "metadata": {
            "operationMetadataId": "3985855a-08ef-4ba1-b355-6eb2808e188a"
          },
          "type": "Response",
          "kind": "PowerApp",
          "inputs": {
            "schema": {
              "type": "object",
              "properties": {
                "sharepointid": {
                  "title": "SharePointID",
                  "x-ms-dynamically-added": true,
                  "type": "string"
                }
              },
              "additionalProperties": {}
            },
            "statusCode": 200,
            "body": {
              "sharepointid": "@{outputs('Create_item')?['body/ID']}"
            }
          }
        }
      }
    },
    "templateName": null
  },
  "schemaVersion": "1.0.0.0"
}