<aiskillconfig uniquename="ais_FormFillFieldOptOut_rsaf_rearwardhemehotochecklist_rsaf_patientage">
  <aiskill>FormFillFieldOptOut</aiskill>
  <attribute>
    <entityid.logicalname>rsaf_rearwardhemehotochecklist</entityid.logicalname>
    <logicalname>rsaf_patientage</logicalname>
  </attribute>
  <description>rsaf_rearwardhemehotochecklist - Patient Age Form fill opt out</description>
  <entity>
    <logicalname>rsaf_rearwardhemehotochecklist</logicalname>
  </entity>
  <iscustomizable>1</iscustomizable>
  <scope>1</scope>
  <statecode>0</statecode>
  <statuscode>1</statuscode>
</aiskillconfig>