<aiskillconfig uniquename="ais_FormFillFieldOptOut_rsaf_missionorder_rsaf_missiontype">
  <aiskill>FormFillFieldOptOut</aiskill>
  <attribute>
    <entityid.logicalname>rsaf_missionorder</entityid.logicalname>
    <logicalname>rsaf_missiontype</logicalname>
  </attribute>
  <description>rsaf_missionorder - Mission Type Form fill opt out</description>
  <entity>
    <logicalname>rsaf_missionorder</logicalname>
  </entity>
  <iscustomizable>1</iscustomizable>
  <scope>1</scope>
  <statecode>0</statecode>
  <statuscode>1</statuscode>
</aiskillconfig>