<ImportExportXml version="9.2.25082.146" SolutionPackageVersion="9.2" languagecode="1033" generatedBy="CrmLive" xmlns:xsi="http://www.w3.org/2001/XMLSchema-instance" OrganizationVersion="9.2.25082.146" OrganizationSchemaType="Full" CRMServerServiceabilityVersion="9.2.25082.00151">
  <SolutionManifest>
    <UniqueName>RSAF_HEME_App_Patch_9e8a2acd</UniqueName>
    <LocalizedNames>
      <LocalizedName description="RSAF_HEME_App-patch 0830" languagecode="1033" />
    </LocalizedNames>
    <Descriptions>
      <Description description="Patch for RSAF_HEME_App" languagecode="1033" />
    </Descriptions>
    <ParentUniqueName>RSAF_HEME_App</ParentUniqueName>
    <Version>1.0.1.19</Version>
    <Managed>0</Managed>
    <Publisher>
      <UniqueName>DefaultPublisherorg229fdae7</UniqueName>
      <LocalizedNames>
        <LocalizedName description="Default Publisher for org229fdae7" languagecode="1033" />
      </LocalizedNames>
      <Descriptions>
        <Description description="Default publisher for this organization" languagecode="1033" />
      </Descriptions>
      <EMailAddress xsi:nil="true"></EMailAddress>
      <SupportingWebsiteUrl xsi:nil="true"></SupportingWebsiteUrl>
      <CustomizationPrefix>rsaf</CustomizationPrefix>
      <CustomizationOptionValuePrefix>10000</CustomizationOptionValuePrefix>
      <Addresses>
        <Address>
          <AddressNumber>1</AddressNumber>
          <AddressTypeCode xsi:nil="true"></AddressTypeCode>
          <City xsi:nil="true"></City>
          <County xsi:nil="true"></County>
          <Country xsi:nil="true"></Country>
          <Fax xsi:nil="true"></Fax>
          <FreightTermsCode xsi:nil="true"></FreightTermsCode>
          <ImportSequenceNumber xsi:nil="true"></ImportSequenceNumber>
          <Latitude xsi:nil="true"></Latitude>
          <Line1 xsi:nil="true"></Line1>
          <Line2 xsi:nil="true"></Line2>
          <Line3 xsi:nil="true"></Line3>
          <Longitude xsi:nil="true"></Longitude>
          <Name xsi:nil="true"></Name>
          <PostalCode xsi:nil="true"></PostalCode>
          <PostOfficeBox xsi:nil="true"></PostOfficeBox>
          <PrimaryContactName xsi:nil="true"></PrimaryContactName>
          <ShippingMethodCode xsi:nil="true"></ShippingMethodCode>
          <StateOrProvince xsi:nil="true"></StateOrProvince>
          <Telephone1 xsi:nil="true"></Telephone1>
          <Telephone2 xsi:nil="true"></Telephone2>
          <Telephone3 xsi:nil="true"></Telephone3>
          <TimeZoneRuleVersionNumber xsi:nil="true"></TimeZoneRuleVersionNumber>
          <UPSZone xsi:nil="true"></UPSZone>
          <UTCOffset xsi:nil="true"></UTCOffset>
          <UTCConversionTimeZoneCode xsi:nil="true"></UTCConversionTimeZoneCode>
        </Address>
        <Address>
          <AddressNumber>2</AddressNumber>
          <AddressTypeCode xsi:nil="true"></AddressTypeCode>
          <City xsi:nil="true"></City>
          <County xsi:nil="true"></County>
          <Country xsi:nil="true"></Country>
          <Fax xsi:nil="true"></Fax>
          <FreightTermsCode xsi:nil="true"></FreightTermsCode>
          <ImportSequenceNumber xsi:nil="true"></ImportSequenceNumber>
          <Latitude xsi:nil="true"></Latitude>
          <Line1 xsi:nil="true"></Line1>
          <Line2 xsi:nil="true"></Line2>
          <Line3 xsi:nil="true"></Line3>
          <Longitude xsi:nil="true"></Longitude>
          <Name xsi:nil="true"></Name>
          <PostalCode xsi:nil="true"></PostalCode>
          <PostOfficeBox xsi:nil="true"></PostOfficeBox>
          <PrimaryContactName xsi:nil="true"></PrimaryContactName>
          <ShippingMethodCode xsi:nil="true"></ShippingMethodCode>
          <StateOrProvince xsi:nil="true"></StateOrProvince>
          <Telephone1 xsi:nil="true"></Telephone1>
          <Telephone2 xsi:nil="true"></Telephone2>
          <Telephone3 xsi:nil="true"></Telephone3>
          <TimeZoneRuleVersionNumber xsi:nil="true"></TimeZoneRuleVersionNumber>
          <UPSZone xsi:nil="true"></UPSZone>
          <UTCOffset xsi:nil="true"></UTCOffset>
          <UTCConversionTimeZoneCode xsi:nil="true"></UTCConversionTimeZoneCode>
        </Address>
      </Addresses>
    </Publisher>
    <RootComponents>
      <RootComponent type="1" schemaName="rsaf_rearwardhemehotochecklist" behavior="0" />
      <RootComponent type="300" schemaName="cr4c4_rsafheme_86be1" behavior="0" />
    </RootComponents>
    <MissingDependencies>
      <MissingDependency>
        <Required type="1" schemaName="cr1de_medicinflightchecklist" displayName="Medic In-flight checklist" solution="Active" />
        <Dependent type="300" schemaName="cr4c4_rsafheme_86be1" displayName="RSAF HEME" />
      </MissingDependency>
      <MissingDependency>
        <Required type="1" schemaName="rsaf_casualtyinformationchart" displayName="Casualty Information Chart​" solution="Active" />
        <Dependent type="300" schemaName="cr4c4_rsafheme_86be1" displayName="RSAF HEME" />
      </MissingDependency>
      <MissingDependency>
        <Required type="1" schemaName="rsaf_checklistimagelibrary" displayName="Checklist Image Library" solution="Active" />
        <Dependent type="300" schemaName="cr4c4_rsafheme_86be1" displayName="RSAF HEME" />
      </MissingDependency>
      <MissingDependency>
        <Required type="1" schemaName="rsaf_csarchecklist" displayName="SAR checklist" solution="Active" />
        <Dependent type="300" schemaName="cr4c4_rsafheme_86be1" displayName="RSAF HEME" />
      </MissingDependency>
      <MissingDependency>
        <Required type="1" schemaName="rsaf_landingchecklist" displayName="Landing checklist" solution="Active" />
        <Dependent type="300" schemaName="cr4c4_rsafheme_86be1" displayName="RSAF HEME" />
      </MissingDependency>
      <MissingDependency>
        <Required type="1" schemaName="rsaf_missionorder" displayName="Mission" solution="Active" />
        <Dependent type="300" schemaName="cr4c4_rsafheme_86be1" displayName="RSAF HEME" />
      </MissingDependency>
      <MissingDependency>
        <Required type="1" schemaName="rsaf_preflightprotocolchecklist" displayName="Pre Flight Protocol checklist" solution="Active" />
        <Dependent type="300" schemaName="cr4c4_rsafheme_86be1" displayName="RSAF HEME" />
      </MissingDependency>
      <MissingDependency>
        <Required type="1" schemaName="rsaf_vitalstrending" displayName="Vitals Trending" solution="Active" />
        <Dependent type="1" schemaName="rsaf_rearwardhemehotochecklist" displayName="Rearward HEME HOTO checklist" />
      </MissingDependency>
      <MissingDependency>
        <Required type="1" schemaName="rsaf_vitalstrending" displayName="Vitals Trending" solution="Active" />
        <Dependent type="300" schemaName="cr4c4_rsafheme_86be1" displayName="RSAF HEME" />
      </MissingDependency>
      <MissingDependency>
        <Required type="161" displayName="autogenProfile-cr4c4_rsafheme_86be1" solution="Active" id="{0f73b6e2-8f2c-f011-8c4e-000d3ac84bca}" />
        <Dependent type="300" schemaName="cr4c4_rsafheme_86be1" displayName="RSAF HEME" />
      </MissingDependency>
      <MissingDependency>
        <Required type="2" schemaName="rsaf_name" displayName="Mission ID" parentSchemaName="rsaf_missionorder" parentDisplayName="Mission" solution="Active" />
        <Dependent type="10" schemaName="rsaf_RearwardHEMEHOTOchecklist_MissionID_rsaf_MissionOrder" displayName="rsaf_RearwardHEMEHOTOchecklist_MissionID_rsaf_MissionOrder" parentSchemaName="rsaf_missionorder" parentDisplayName="Mission" />
      </MissingDependency>
      <MissingDependency>
        <Required type="29" displayName="RSAF HEME-Flow-Pen Input to SharePoint" solution="Active" id="{ab8dfffc-3c2a-f011-8c4e-000d3ac84bca}" />
        <Dependent type="300" schemaName="cr4c4_rsafheme_86be1" displayName="RSAF HEME" />
      </MissingDependency>
      <MissingDependency>
        <Required type="29" displayName="DownloadVitalPDF" solution="Active" id="{b6dda77e-aa84-f011-b4cc-6045bd214241}" />
        <Dependent type="300" schemaName="cr4c4_rsafheme_86be1" displayName="RSAF HEME" />
      </MissingDependency>
      <MissingDependency>
        <Required type="29" displayName="RSAF HEME-Flow-Send Timer Notification" solution="Active" id="{fd86bdb2-7325-f011-8c4d-002248596e4d}" />
        <Dependent type="300" schemaName="cr4c4_rsafheme_86be1" displayName="RSAF HEME" />
      </MissingDependency>
      <MissingDependency>
        <Required type="9" schemaName="rsaf_gender" displayName="Gender" solution="Active" />
        <Dependent type="2" schemaName="rsaf_patientgender" displayName="Patient Gender" parentSchemaName="rsaf_rearwardhemehotochecklist" parentDisplayName="Rearward HEME HOTO checklist" />
      </MissingDependency>
      <MissingDependency>
        <Required type="connectionreference" displayName="rsaf_sharedpowerappsnotificationv2_af124" solution="Active" id.connectionreferencelogicalname="rsaf_sharedpowerappsnotificationv2_af124" />
        <Dependent type="300" schemaName="cr4c4_rsafheme_86be1" displayName="RSAF HEME" />
      </MissingDependency>
    </MissingDependencies>
  </SolutionManifest>
</ImportExportXml>