<aiskillconfig uniquename="ais_FormFillFieldOptOut_rsaf_csarchecklist_rsaf_patientid">
  <aiskill>FormFillFieldOptOut</aiskill>
  <attribute>
    <entityid.logicalname>rsaf_csarchecklist</entityid.logicalname>
    <logicalname>rsaf_patientid</logicalname>
  </attribute>
  <description>rsaf_csarchecklist - Patient ID Form fill opt out</description>
  <entity>
    <logicalname>rsaf_csarchecklist</logicalname>
  </entity>
  <iscustomizable>1</iscustomizable>
  <scope>1</scope>
  <statecode>0</statecode>
  <statuscode>1</statuscode>
</aiskillconfig>