{
  "properties": {
    "connectionReferences": {
      "shared_powerappsnotificationv2": {
        "runtimeSource": "invoker",
        "connection": {
          "connectionReferenceLogicalName": "rsaf_sharedpowerappsnotificationv2_af124"
        },
        "api": {
          "name": "shared_powerappsnotificationv2"
        }
      }
    },
    "definition": {
      "$schema": "https://schema.management.azure.com/providers/Microsoft.Logic/schemas/2016-06-01/workflowdefinition.json#",
      "contentVersion": "1.0.0.0",
      "parameters": {
        "$connections": {
          "defaultValue": {},
          "type": "Object"
        },
        "$authentication": {
          "defaultValue": {},
          "type": "SecureObject"
        }
      },
      "triggers": {
        "manual": {
          "metadata": {
            "operationMetadataId": "3519969d-6344-4f51-b9a8-801c57439406"
          },
          "type": "Request",
          "kind": "PowerAppV2",
          "inputs": {
            "schema": {
              "type": "object",
              "properties": {
                "text": {
                  "title": "message",
                  "type": "string",
                  "x-ms-dynamically-added": true,
                  "description": "Please enter your input",
                  "x-ms-content-hint": "TEXT"
                },
                "text_1": {
                  "title": "who",
                  "type": "string",
                  "x-ms-dynamically-added": true,
                  "description": "Please enter your input",
                  "x-ms-content-hint": "TEXT"
                },
                "text_2": {
                  "title": "params",
                  "type": "string",
                  "x-ms-dynamically-added": true,
                  "description": "Please enter your input",
                  "x-ms-content-hint": "TEXT"
                }
              },
              "required": [
                "text",
                "text_1",
                "text_2"
              ]
            }
          }
        }
      },
      "actions": {
        "Send_push_notification_V2": {
          "runAfter": {},
          "metadata": {
            "operationMetadataId": "6a3dbd15-ecc2-4dc6-88a9-bdd1d87361c3"
          },
          "type": "OpenApiConnection",
          "inputs": {
            "host": {
              "connectionName": "shared_powerappsnotificationv2",
              "operationId": "SendPushNotificationV2",
              "apiId": "/providers/Microsoft.PowerApps/apis/shared_powerappsnotificationv2"
            },
            "parameters": {
              "payload/playerType": "PowerApps",
              "payload/app": "{\n  \"appIdentifier\": \"16cf68dd-e0f5-437c-8d2a-3bda96644554\",\n  \"displayName\": \"RSAF HEME\",\n  \"type\": \"CanvasApp\"\n}",
              "payload/recipients": [
                "@triggerBody()['text_1']"
              ],
              "payload/message": "@triggerBody()['text']",
              "payload/openApp": true,
              "payload/dynamicParams/params": {
                "TimerNotifyParams": "@{triggerBody()['text_2']}"
              }
            },
            "authentication": "@parameters('$authentication')"
          }
        }
      }
    },
    "templateName": null
  },
  "schemaVersion": "1.0.0.0"
}