{"__Version":"0.1","App":"059b9bcf-6a23-4503-bd90-6453457d12bf","Test_7F478737223C4B69":"905ce847-c732-47b3-8c6e-8583374cbb7a","Host":"3cf5ee58-ef6a-43ad-a169-ae7d5a25ea96","cmpSidebar":"89e68d0c-9dc5-4d41-a869-41df874c2ca8","conSidebar":"c6a8f4f5-fdd3-4527-b0d7-fad6d65f21cb","conTitle":"b62be2ce-ae1c-44fb-9412-9ede7b45fe66","icoLogo":"35c1d50d-426f-4cda-a813-389791990704","lblTitle_1":"182c0899-035b-4f9a-a51f-2a29d312b625","icoCancel":"37426c21-9d30-4fec-94c6-518036286ee5","conItems":"289a13e7-01b6-4bfb-9f65-d4d7d70b2f7b","galSidebarItems":"ec4abf2c-b24b-4041-9ead-946e8776a1ae","d4980ed2-fbc7-48ec-918d-6e43e0d09000":"3b4a8904-bb2e-48bd-9b27-63745d9fd71c","conClickableItem":"d5f5332f-0fe6-483b-93c1-60300939bf2b","icoItem":"58d6626d-9467-4f69-bead-1006dd4fa396","lblItem":"8ff1c55b-3d48-4cfd-8d00-44a8785a1672","btnItemAction":"89803aa5-578a-4ac0-95c8-2b83e333f080","lblSectionHeader":"c3f89879-7907-4dfb-b288-c0d2bb4909ef","conUser":"9d91628a-0c5d-4934-8640-17e583293c10","lblName":"6a2a06f4-0d61-4a23-b3de-0e8e972f3b36","Pre Flight Protocol checklists screen":"8047a0e4-bd8f-4b79-add8-03f23aa9e491","ScreenContainer1":"94a15efc-ebc9-48d8-be5d-c53d579701a2","TableNameContainer1":"80c7e958-bb59-4ab8-a3ab-242c2615a082","lblDataSourceDisplayName":"4c61f8d7-17ed-4efb-93c5-bb9af72f9a69","iconHome_MissionOrder_1":"e65511c2-e0ef-449d-99fd-9093aa879ce3","BodyContainer1":"6af13ef6-615b-4f8c-b159-1cd269fa7dc0","DeleteConfirmDialogContainer1":"cdafedea-992b-4d95-b021-2a9319f8d052","lblConfirmDeletionMessage":"80fc9332-00da-4d4b-bda4-32d8a6aada18","ConfirmDeleteButtonBarContainer1":"ab81c731-a6cd-4bcc-b7b1-04f2f44215af","CancelDeleteButton1":"ca27570c-55ad-4f0f-bc5a-8fa99af79711","ConfirmDeleteButton1":"e4940bd7-a41a-4ea7-b2c3-397166a21e83","CmpSidebarContainer1":"6cbf9bdb-9898-4eea-86df-36ac04693bed","cmpSidebar_1":"9dc8e41b-2b64-4f9f-8db6-b6f058d83aa1","SidebarContainer1":"a000444d-6326-4647-82c4-daca7c79de85","SearchContainer1":"d7054be2-d7c5-415e-8fa4-c275dab25629","SearchInput1":"1aee7e6c-c973-41bd-86cc-fd1af222bd45","SearchIcon1":"28dfb70a-cfbe-4f72-80db-40228f915ea8","NewRecordButtonBarContainer1":"805b5de0-c223-4daf-bc68-89f70afd2c7e","NewRecordAddIcon1":"dda89593-3b3e-4830-afe6-a648c4e47942","lblNewRecordIndicator":"1302c790-24b1-4df8-95ab-6acc38830316","RecordsListSeparator1":"93ae0685-7cb6-4ac4-96eb-10370931eb89","RecordsGallery1":"32bd4ec8-2a0e-45bc-9de4-d5dcbe67c627","galleryTemplate1":"47cac0d2-c715-4b7c-86cf-eb522b407b66","Rectangle1":"0a52855e-058e-441a-9fb5-9732a1f150ea","NextArrow1":"3a96e523-d32a-4bb0-a198-5144a8582f17","lblCurrentItemName":"6cf454b2-d7a0-4bb9-8449-4a5c37d5cb5d","Separator1":"525acf48-eb54-4034-ae33-b83db10c1c21","RightContainer1":"13bc18a1-9441-47eb-94ff-896e4c34cf5b","SelectedRecordHeaderContainer1":"cd812e9a-fa41-431a-93af-6f8b4043d5a3","BackIconButton1":"843dc8b7-9849-4051-8a25-6ae6e3d64f66","lblSelectedRecordName":"5f6e037d-26db-4a8d-9a39-54e886b84a59","SubmitFormButton1":"3afbd76b-d046-4aa2-b16a-a150dd9ee315","ResetFormButton1":"18222099-f2ca-4604-8efa-11bebc51e5cc","EditIconButton1":"b0371afb-d837-4e00-8198-02880198e112","DeleteIconButton1":"57392cb3-9816-4985-ac7d-1c67b99aab42","MainContainer1":"2bbc1e56-9f11-4abc-bcb2-afb9e4a1ca35","frmPreFlightProtocolChecklist":"11f4e55e-b7ea-4852-811d-4d92acc111e9","Mission Order_DataCard1":"1977d5bd-3802-4d9f-ace6-c1e86ca3210f","StarVisible1":"e99a6fdd-ceef-4fd1-b2e2-13eb72403bca","DataCardKey1":"b08eedae-53cf-4046-9870-26ab8b08f34a","DataCardValue2":"822991e3-a4db-4f52-ac0a-90d3adfa85bb","ErrorMessage1":"9636d915-c26a-45c7-af2a-81fdacce50a2","Name_DataCard1":"bb9bc71c-b428-4a0d-a321-9abb09483b12","lblStarIndicator1":"4c38d5ee-fb1d-4f27-8cd6-eecee6ac44bf","lblParentDisplayNameKey1":"bdb30172-41c9-4bf8-b670-6f7055d6e13c","DataCardValue1":"e7b3d2d8-470e-4162-b2b7-e7b99ddd6b5d","lblParentErrorMessage1":"fc572d7e-e1bb-47f6-a22a-76a443a04d83","Equipment Checklist_01_DataCard1":"a42d35b1-0477-474d-bb50-88af7c6edbeb","lblStarIndicator2":"b374a65c-41d5-4a0b-939a-a9697f3a55a3","lblEquipmentLabel":"175bc61a-d153-48a5-bebe-0f55de913c1b","chkEquipment01":"fac9bcaa-83a3-4a45-938e-d6a7f98be649","lblEquipmentInstructions01":"47cb6748-41d8-48e6-b1e1-83b5494041b2","lblParentErrorMessage2":"0176938d-21ce-4930-b30a-1d6a9e6b8b31","Equipment Checklist_02_DataCard1":"36248db5-1c2c-46d0-9f6f-ce0a896a64af","chkEquipment02":"b49344b9-265a-4db2-8586-0b8e83917f21","lblEquipmentInstructions02":"c18f70e7-c59e-4b10-a581-20b76795f859","lblStarIndicator3":"224695cf-9994-4a11-af6e-b6f436fcd37f","lblEmptyDataCardKey":"6a16e95c-aa08-4a8a-b29a-2aadf8bfdab4","lblParentErrorMessage3":"682fc6e9-30ef-4d97-8700-ca42a293c280","Equipment Checklist_03_DataCard1":"9c044a1e-f120-414c-a2a5-e5e07a829029","chkEquipment03":"44eab1fe-357a-4a59-b061-730f5cb05486","lblEquipmentInstructions03":"8a598eb0-4063-4afa-a64a-9967a36f8c4c","lblStarIndicator4":"ddebbcf1-ab76-4102-b6ac-4f60c658a435","lblParentDisplayNameKey4":"62668f51-9879-4757-ae68-6039246e98b4","lblParentErrorMessage4":"c3cbd804-0bd9-495f-9d26-530b5e04147f","Medication Checklist_01_DataCard1":"8614be3d-8b1f-41a4-9781-2b4dd5f3642a","lblStarIndicator15":"c5a13a00-1f85-410a-881b-8f8c09e3a6fe","lblMedicationLabel":"163ff7b7-e66d-48b3-a223-787c75ef5016","chkMedication01":"460f93f0-99a7-486a-846f-40e59c74feb3","lblMedicationInstructions01":"e5c2bf30-0f99-405c-a093-41216117eb99","lblParentErrorMessage15":"f1ff4253-29bd-4b6b-9ca8-40f950eceb3d","Medication Checklist_02_DataCard1":"7d1ddf99-2792-4f28-9f85-4697be1eb53a","chkMedication02":"a2ed0d1e-f8e7-4783-b900-64c1435d094d","lblMedicationInstructions02":"ba2476c6-4495-4475-99a6-824d7c22c7a4","lblStarIndicator16":"8360c2ec-b865-4896-b49d-febcdb3365eb","lblParentDisplayNameKey16":"711c0d5e-5abf-4807-b68b-5fd4f4ab34ec","lblParentErrorMessage16":"adb38b1b-956e-4734-9953-80eb16a0217a","Medication Checklist_03_DataCard1":"237bc6cc-10ef-4be1-87f5-53098c02ad9b","lblMedicationInstructions03":"023530fd-3441-441b-8af1-aa5a8e7ab079","chkMedication03":"d6899f75-44e2-41ec-8996-bbfb3e10b93c","lblStarIndicator17":"89d80e84-0950-4cc6-ba41-6f44a7d78a68","lblParentDisplayNameKey17":"eca1bf3b-8e0e-4685-b64b-5398d233a0bb","lblParentErrorMessage17":"9aa90437-073a-46ce-abf7-5c738934c756","Workflow Checklist_01_DataCard1":"36656af7-d02f-43c1-9f81-ab0d5adef7ee","lblStarIndicator20":"ff439c75-7104-490c-9683-7c52015bd0ff","lblParentDisplayNameKey20":"821e0db2-a7d1-4c54-98af-cc286768a9d6","chkWorkflow01":"78f715ea-fb50-4211-9b97-cb21288815b3","lblWorkflowInstructions01":"f9e6fdab-5ff1-4abe-9ab3-602fcc2ee967","lblParentErrorMessage20":"ea7500e7-19f1-40ae-8252-caeb556a9e3d","Workflow Checklist_02_DataCard1":"e936688d-b7ad-47d2-bade-a74e88a69f7a","chkWorkflow02":"03b3161e-b05b-46ad-9ef7-968056de170a","lblWorkflowInstructions02":"a2b4f162-1a5c-4aee-915b-38be3cd56fae","lblStarIndicator21":"61afa7a2-0b57-4286-a7ac-aae94801a07b","lblParentDisplayNameKey21":"a0095359-4fa2-4ad9-9d07-23207f2e1d43","lblParentErrorMessage21":"3fc44346-a16e-4cbc-87f7-6f22e7824a9f","Workflow Checklist_03_DataCard1":"9caba716-2ed7-4a89-b97a-a43a781b384c","chkWorkflow03":"7feaced2-c626-483f-b6b9-5468a1deae99","lblWorkflowInstructions03":"157deafc-2201-458a-8927-b10be9c91d45","lblStarIndicator22":"809d0426-4abd-4bd3-9ed1-cbef29628706","lblParentDisplayNameKey22":"e32944bd-a9f5-483b-a902-13f88e22191f","lblParentErrorMessage22":"9d8ba009-15cd-4bff-b08f-2a5f167eb5c0","Mission Orders screen":"50da1a16-626c-48ee-9351-5e18b8a2f117","ScreenContainer2":"ebbc8008-f029-4609-b586-8671fb7ea757","TableNameContainer2":"bfd2cc45-85a8-4c04-b0c4-3de826f7c31b","TableNameLabel1":"290207b6-0b04-4cf5-ac28-2493f3592a34","iconHome_MissionOrder":"75ff041e-acc2-470a-8b67-b36c71e93961","BodyContainer2":"2170c815-b71d-4b62-b6ce-80d71b223656","SidebarContainer2":"d3731c37-d0c7-456e-bfce-057a1f9427cb","SearchContainer2":"2239196f-355a-4fcf-9e96-0be0106ead57","SearchInput2":"1f36e4e8-b5dd-4f63-9d66-a82e4ca86a1b","SearchIcon2":"40d879bb-838f-4b0b-892a-187f9e419e94","NewRecordButtonBarContainer2":"2226c5c9-2e39-4a06-9210-b26445665bd0","NewRecordAddIcon2":"13431ef9-4777-46bd-afee-59ba6a62754e","NewRecordLabel1":"6d514494-9218-4b1b-b503-f80c981fbfab","RecordsListSeparator2":"746b7521-b8a8-4c24-b3f0-43db75133f79","RecordsGallery2":"3c9a225e-737b-4fd4-ba71-d4b6c09fd121","galleryTemplate2":"21ebb0d2-91f0-4282-9822-2177d03eb841","Rectangle2":"ad19fd58-924f-46ae-99b8-ddca0704e889","NextArrow2":"6a817ee8-2c70-454d-90d7-1f8fc4b2d1c7","Title1":"4d611d26-4334-4328-8360-eda62044f5af","Subtitle1":"ae032dcd-8e87-4916-9f0a-5dab83932d24","Separator2":"aad8e5ee-d9c0-45c5-8fe1-46e9858dacab","RightContainer2":"5a17560c-8f00-4043-acc0-2722aa8d3877","SelectedRecordHeaderContainer2":"94cf8ab0-ee40-4861-ba3b-b6100f19932d","BackIconButton2":"dbb38e9a-c92b-4283-8778-debe612b0fda","SelectedRecordTitle1":"d87b39a6-a497-4769-956d-241c6ef44b7d","SubmitFormButton2":"8761b8ca-ab9e-4c56-bea0-694a6498c1a0","ResetFormButton2":"17e6c89c-4387-404f-bb7d-fff6b1ef592d","EditIconButton2":"82ae6db9-7ee6-4bcf-92d2-f9c8ad2d52bd","DeleteIconButton2":"afcdf23e-abc7-4aba-a100-389e567d1984","MainContainer2":"70a82992-6c15-4eaa-ab12-bdbffe0ea050","frmMissionOrders":"e14f76b2-b1b0-49d7-a210-6c4633fc3306","Name_DataCard2":"7c9bca26-2b73-4c29-91da-035adf9a4c54","StarVisible2":"51f82fcb-6f87-40eb-92c7-51d7c3201cbf","DataCardKey2":"315e6781-efee-4d1a-8769-5c2e51205128","DataCardValue3":"621882f1-5b8e-4967-ae13-990643839720","ErrorMessage2":"78c1e5d9-5419-4536-8733-48660d80e3d4","Mission Description_DataCard1":"c180bb0c-4075-4462-886f-8c9e067b8180","StarVisible3":"99a6e87a-bc21-413e-8cf0-f026c25c0096","DataCardKey3":"6dfd59c5-6697-4166-9df7-d07508bffff0","DataCardValue4":"b918b48c-64e7-4039-8307-64147a22efb5","ErrorMessage3":"af9416bc-8ce9-4256-a4c7-0aae028defe9","Mission Status_DataCard1":"6bf53e48-ef45-450f-adcb-2f72fb349e52","StarVisible4":"23c807c8-d665-48e2-bf13-0fa6bbd3d184","DataCardKey4":"9f041c06-2b9b-4594-8b49-daa2c2e0d73d","DataCardValue5":"6a40c614-6fc5-4d5d-81aa-9231b09c654c","ErrorMessage4":"579566f5-c2bb-478c-999c-056d1a3429c5","DeleteConfirmDialogContainer2":"82e0157a-53fb-494f-82a8-48944a38af91","ConfirmDeletionLabel1":"f8685335-a433-4beb-b347-f8d55d10db8b","ConfirmDeleteButtonBarContainer2":"a0bd3e44-eb30-4db3-942c-6b982c3ce192","CancelDeleteButton2":"619a737d-c5bc-4dc7-af44-c7fbff230ec4","ConfirmDeleteButton2":"a62081fe-8805-4f77-9568-97a7586f1fb4","HEME Medical Guide screen":"29145f1a-6b6c-4299-b241-b8f1eebba465","Container2":"7d2a5e71-a68a-4e2a-b92f-6a8826f72da1","TableNameContainer1_1":"95d3ad22-b752-4811-bfb5-7031e29f0399","lblDataSourceDisplayName_1":"bcfbfe01-e012-4452-987c-e29ce67bf0ff","iconShowPDFControl_1":"f961d21b-2fd5-4a0f-84ba-99bf85960fe4","iconHome_MissionOrder_2":"71ea3def-e056-4387-80ed-572969fb948f","uploadfileGuide1":"afa02bff-ede6-49a3-849e-91eaa3919d05","pdfviewerGuide1":"46ff9d5b-0691-4cfd-bc45-d37f70387d6c","Critical Care JIT Guide screen":"1284a62d-c759-4de5-af91-116fdf225227","Container2_1":"45fcec14-a3d2-4e94-aff4-2938fccd53f3","TableNameContainer1_2":"56ff9ea4-6b64-4cda-9431-3372ac1f16e2","lblDataSourceDisplayName_2":"46a6ce58-ab13-4d33-b921-ab9882179727","iconShowPDFControl_2":"30d6dc0b-4715-4b85-b224-fcd6b8a3080b","iconHome_MissionOrder_3":"c580c93e-8192-4e1f-8e38-b401794689b5","pdfviewerGuide2":"f3a80d8e-c689-47fd-a032-6e3c9e16340d","uploadfileGuide2":"d68fa983-8bda-42c8-9bb0-216ce4250021","Temp Screen":"42205799-facb-43e7-a2dc-f5ea646fa865","Gallery1":"073be107-379f-4920-a8e1-8a14260a1346","galleryTemplate3":"1d191787-e864-48f9-842d-6e5a7b27a7c6","Rectangle3":"bf7f583c-6dd5-4fec-8a87-fe144facc9b9","Image1":"edfbaae9-1cd1-4725-a536-5d147a93f04d","NextArrow3":"63835605-9036-44a8-9376-14ab40458df8","Title2":"dc0ea9e0-f1de-4195-b6e5-3e3fb1aa96dc","Subtitle2":"b71d8cb0-4685-4172-84e9-ffea2be182f6","Separator3":"7c1680eb-2f30-4561-b3b4-bd0ad0fbec6c","Label1":"a574df84-49ef-43f0-836c-a658a05586a1","Timer screen":"2cba9634-46af-4070-be7b-bd8ede19f4b8","ScreenContainer2_1":"298eab10-0323-4bdc-88d9-c87849d540d1","TableNameContainer2_1":"ce11f3dd-8f0d-4c81-a285-6a2f5ca23ce8","lblTimer":"20dd4c12-b95f-4931-a8e4-de3ee94ea6ef","iconHome_Timer":"155629b5-e7cf-485f-b23b-b9c46a601684","Container9":"f5cca548-7497-4aaa-b255-80584f986ba9","Container10":"0fa45a18-a7b8-4c3a-856d-88945b280084","cmpSidebar_5":"62cc34bf-ce07-4838-a85a-68ab62b9bc6a","Container4":"4e0afc73-b39c-4d48-8e44-dc92cc3e8f26","rdoTimerDuration":"cd285233-4c41-48a6-b8da-84ab29d21ed6","tmrTimer":"82ba8c4e-4ed4-4fa1-8080-11f6123ac1d1","Container5":"d9683ba8-f320-4c1f-84e0-3cce900bdfa6","btnStartTimer":"7a11d61a-29db-476b-bedc-8808f2b82f77","btnStopTimer":"ee8818fb-1f62-450b-9513-17c8f564d018","btnResetTimer":"973971bc-d4ac-45f6-b897-2300a5a821fc","recDarken":"c3ae5ce7-f745-4b1e-9ace-b66fbd00f1f3","conModalItems":"b7304ceb-f590-4e57-8601-1f88913ede8e","lblTitle":"abb12516-5b3e-4f7c-8676-dcefcd798063","lblBody":"7844d252-a746-4503-a241-b2c1838661f3","btnCloseModal":"14bd914c-60cd-4211-910d-d6641d842dbd","grpModal":"45b84526-f3e4-4e5f-bcfd-c7cd20e79e91","Home screen":"f63c7e08-90f2-4be5-8fcd-2d6985f2a0ff","ScreenContainer3":"42b5fe82-2000-4ace-a5dd-0bf4919f8bd3","HeaderContainer1":"965a0ef4-f7c3-4eba-a084-465eb7c47a73","Header1":"64586509-952d-43fb-ac32-07ed1b53305c","MainContainer3":"725eeb88-03e4-4641-a14c-0c7d8fb0df1c","conMissionOrders":"cf8a084b-50e8-4a14-9bf5-0e61d2651bde","ImageContainer1":"783ad5b9-039a-42e9-9415-bb23e693566a","conSVG":"35513d4a-f00e-4f03-bb17-042ae71177dc","SVG":"9e9b5e26-dff5-44f9-9c11-e52ec86e31ee","btnSVG":"27cf8f77-d290-47fd-97e9-8ee19cf696db","TitleContainer1":"19712bda-e1c3-42fc-8d9a-39a82ac0ad5a","FeatureItemButton1":"55867aac-561d-4d46-95fd-9d6e47287155","conPreFlightProtocolChecklist":"b400ef32-92b9-471f-8bf0-6904e169c57d","ImageContainer21":"aa9b2c1f-4b26-4130-8c34-1ca06aa3714d","conSVG_1":"dca87fcb-1887-41c3-ab5d-3404775da6e0","btnSVG_1":"995b36d8-8083-4759-bec5-6630cc213f35","SVG_1":"6de8370e-71d3-4182-9548-b35e3a4fa820","TitleContainer21":"f6be58d7-00e9-4beb-a8d3-6cad8eed149c","FeatureItemButton21":"ae7838f2-f4de-464f-8f71-63412bddf2f7","conRearwardHEMEHOTOChecklist":"6506c879-3789-46be-a36b-538630cd3412","ImageContainer31":"bd0d199f-20a4-4c7b-bf3b-752ad384eded","conSVG_6":"e762558f-400d-48c3-b835-07eee72c333e","btnSVG_6":"c11745a1-5fec-4854-a5d5-be86a23348bd","SVG_6":"36fbf0fc-b8e9-46b1-934d-1c8772318cec","TitleContainer31":"476a2eb5-7fa1-40f4-b31e-76ad6c955e81","FeatureItemButton31":"c069cd23-1454-4916-82be-541e034db1af","concSARProtocolChecklist":"e7cfe191-ac77-4566-af1e-adf9628eebcc","ImageContainer41":"e25c2ac1-44cd-4f02-8a06-2f18961a5187","conSVG_7":"127788ea-6b9c-457f-94fa-f1f8bd0f1051","btnSVG_7":"fc644d16-c7d6-47dd-b23e-24427cf43b45","SVG_7":"7ca1d435-2f80-4d00-994a-b0402bc840dd","TitleContainer41":"c0c14a2e-f916-49d6-aa6e-a2e8c368e4ed","FeatureItemButton41":"18215c4a-5c40-4370-aa57-ec3917420f34","conMedicInflightChecklist":"dcf81b86-99a6-4155-90c8-d543cd583cab","ImageContainer51":"e53ffc3e-f37a-4e97-b7b9-894c2d4ccb95","conSVG_8":"b3ca8a52-dbd7-47f9-9896-04701e2ee841","btnSVG_8":"e91c1282-6ef4-4bd2-acfe-0a5544375598","SVG_8":"d152996c-6f39-444f-a952-2d93f5f1e4cb","TitleContainer51":"03558f80-3df2-4363-9c42-ff3d8f40c550","FeatureItemButton51":"5260c2e5-25b7-4072-af9c-8c86fe24e25a","conLandingChecklist":"ca83ab86-548e-4978-9358-c2d73e3b2bff","ImageContainer61":"1a9bd339-1612-4b0e-8cfc-3761254ef764","conSVG_9":"c38bc4aa-be26-4f83-9e38-7c07eddcac9c","btnSVG_9":"aec5cbb2-d66f-4371-9dcc-b20bacf32632","SVG_9":"c45d28f0-1074-4927-a2ca-553244d2bfe9","TitleContainer61":"9a4e6413-64f2-4dd2-8405-a2fb6fc3c3b0","FeatureItemButton61":"4b3113b0-80b6-4d5d-be0a-dde79e9867f9","conTimer":"a766bf7b-f736-4b26-940e-c21529c38f06","ImageContainer61_1":"a4d82d1b-9db7-47de-91a7-696f50ad34a9","conSVG_2":"0d57d284-2649-4c52-8553-259e2404cfb1","btnSVG_2":"94a0b8de-eb86-4c6b-b1ec-52539508203d","SVG_2":"038a9887-11ed-44f4-957d-303caf412611","TitleContainer61_1":"b79d4982-3f83-4e7f-9800-f5141fc182d9","FeatureItemButton61_1":"46a13edd-cafa-4875-a368-d6150dc54e58","conCasualtyInformationChart":"64285b70-153d-4142-9406-4810e771220f","ImageContainer61_2":"5be8e72a-4507-4d65-9524-17d3a6f1b7e9","conSVG_5":"7f9397dd-1214-476c-bcae-6ad836e45c34","btnSVG_5":"e70accd3-b829-491f-b8dc-70dc04997544","SVG_5":"d4267564-6199-4717-89a6-00eb346dfcda","TitleContainer61_2":"fbd464e7-74e3-4961-84fd-10284574b776","FeatureItemButton61_2":"95f3dce0-69b5-4242-9445-929f7ff2bedb","conHEMEMedicalGuide":"37931553-4e69-426e-a675-23f1e2858148","ImageContainer61_4":"52fe2e0b-54b2-47be-902e-c060a7e31c4e","conSVG_4":"fa1561ee-f974-40d8-99fa-b600fff35960","btnSVG_4":"dfdfb719-2858-4297-bda7-f1498b672cb2","SVG_4":"ed114c55-fa91-40dc-b99b-ace626af39fe","TitleContainer61_4":"4372673b-bb01-4089-ab4b-ce720dc8fe41","FeatureItemButton61_4":"f6263bf9-afeb-4f71-9064-b30bab55399e","conCriticalCareJITGuide":"df2daf87-8549-4012-a1df-0c5cab8fe587","ImageContainer61_3":"39328025-43cd-4d63-95ac-b284bb89ffd5","conSVG_3":"7f2d6ebd-5ced-4296-a30c-93e28601ba09","btnSVG_3":"be9d0702-2ef4-4dd7-8fed-615206c4828f","SVG_3":"baed90fd-005f-4a7a-bff9-30a942578ff0","TitleContainer61_3":"d1595ff8-e5bf-4cfa-964d-746081e0bdaa","FeatureItemButton61_3":"237c6178-f78e-4811-8da8-32f1ee34b717","Rearward HEME HOTO checklist screen":"81ee27dc-fee5-4df1-9edd-b9b36760fd5a","ScreenContainer4":"1704b344-c2c9-4919-b5cb-d114450801f3","TableNameContainer3":"f1b78dba-08b1-4add-a539-642044d7a7d2","TableNameLabel2":"f1ecd447-feee-4d6d-83d0-0b1f1d9c8b20","HomeIconButton1":"9a0c640e-c8c3-411f-9c8e-36fc7a89edd1","BodyContainer3":"6a3ad07f-dae6-43a1-85ed-6c83cce6cc83","CmpSidebarContainer2":"db8000ae-44e7-4d3d-a7d8-e9977a070263","cmpSidebar_2":"9019254e-06a3-475e-9dc1-772299cb2ce1","SidebarContainer3":"7fdfdb3c-fe1c-48bb-b602-beb79ab85cec","SearchContainer3":"afa8f669-d4cf-453f-bc5b-2e8ed73aef96","SearchInput3":"d8a1c3b8-0e04-47c8-8226-5ebe9ccfe6c6","SearchIcon3":"db3b23a3-2e31-4563-a791-b0758c523381","NewRecordButtonBarContainer3":"b1bf207f-d77c-4d7e-9fae-53959c135aa4","NewRecordAddIcon3":"9880303b-6f4a-4b9a-baca-074b27d0be77","NewRecordLabel2":"cd50cc60-2eb0-4c3c-9db1-edf7a08d21ad","RecordsListSeparator3":"a43630c6-99eb-46ea-901c-2ec0d22f0acf","RecordsGallery3":"77f07288-be08-489d-a8db-b6f84f11ea52","galleryTemplate4":"eb26fdb0-532e-42ab-a5d4-5ca611b04a75","Rectangle4":"41d92781-4c7e-4102-98e6-54b1ba8ed08f","NextArrow4":"01de6fef-09d8-4475-962a-9413dc9d6925","Title3":"2cf463f4-b1a6-478f-986a-e22fd1000812","Separator4":"b1eab5ba-1790-46bf-a6ed-805350ef531f","RightContainer3":"0f29d709-db43-4c9a-be01-68689ac1844c","SelectedRecordHeaderContainer3":"77fd2376-95ce-49db-bca3-731e7df9410a","BackIconButton3":"fc1040c5-a685-423c-b52d-6d2a50375999","SelectedRecordTitle2":"d9de42ab-96d8-4a2a-b398-c6f1ad1473fe","SubmitFormButton3":"36befe21-a605-4747-87f4-8bb884c4a45e","ResetFormButton3":"ee08ccbf-0ae5-432e-8c8c-d7952b9a09c4","EditIconButton3":"468f13e6-6087-4f63-97c3-e3412b7a0034","DeleteIconButton3":"ab39f9ec-0e15-4aba-bfb0-34f56f5a71e9","MainContainer4":"7dac78f8-b699-4bbd-b722-5c0fa5cd68a3","frmRearwardHEMEHOTOChecklist":"e1d0cc05-d47b-48cd-8864-bdfda401cdfe","Name_DataCard3":"8517fba4-9e73-429b-880c-039ce8b13e9d","StarVisible5":"6545f2d5-9240-436b-a3b6-a69ab78f3c3d","DataCardKey5":"773214e2-9427-4551-8d6e-d83209a05cd4","DataCardValue6":"a8b72890-3a0e-451a-b767-85214b6e748a","ErrorMessage5":"65dbc717-5339-4bb9-95fa-b7c011e06618","General Checklist_01_DataCard1":"9fb4a986-2129-46dd-af05-70e53651e4c7","TextCanvas3":"a4832a69-b672-4d7c-8b03-abe1815bb73f","StarVisible6":"4bdaff3b-4d71-4939-a3e5-53d66d1b182c","chkReGeneral01":"e4029c1f-ad7a-43e0-9b60-6dc9658b2652","ErrorMessage6":"c0aa8461-0e63-4d98-b4ee-d0fac20c4ca3","General Checklist_02_DataCard1":"e8b833e0-f8aa-45cd-892e-9522b8271e0e","StarVisible7":"31257f09-52ff-4d8b-8bb3-2c469bea8981","chkReGeneral02":"68a40d67-9ca1-4f27-a355-ba9e421b71b3","ErrorMessage7":"1d094b1e-37f4-45d8-a0e3-04e5955c39e2","Airway Checklist_01_DataCard1":"cfc9488f-2310-47b9-80ed-27d52f884894","TextCanvas3_1":"c86c7019-2ca6-4aeb-9cc6-4d80f044dc69","StarVisible8":"2ae306d2-17bb-47eb-ae79-8b82088110b8","chkReAirway01":"c5d308ed-c249-4292-bb9a-b7286c3afe31","ErrorMessage8":"68d83aba-ce5e-4956-8655-f2f1a32eef38","Airway Checklist_02_DataCard1":"8d04dba1-a988-4b63-96e3-39e20e7823e6","StarVisible9":"9421cfd9-c0db-4a98-be45-69f77ea8c6da","chkReAirway02":"b3b08cbb-7760-4a5a-a74f-03b547568ae1","ErrorMessage9":"4a0f7c82-28c0-469c-83a9-b64934eabf02","Breathing Checklist_01_DataCard1":"fdb6baa3-277f-4e0f-ad12-662141aaf0d1","TextCanvas3_2":"105ecaf5-3ea2-4eea-b358-ffa8569b8908","StarVisible10":"9448d28e-0d50-4f3d-9479-cb0af5fda769","chkReBreathing01":"0060d15c-875c-48ea-a36b-8d97f6bca342","ErrorMessage10":"11740dfe-dfdb-47e6-86cd-4bfad317a90a","Circulation Checklist_01_DataCard1":"b1b6e591-7a96-4965-bfea-45837a27349d","TextCanvas3_3":"39c664be-c5dc-4ac4-a2b7-2a7e84325816","StarVisible11":"5a8f9577-1850-4a56-9598-fcb5f018bba3","chkReCirculation01":"e5be5de5-d487-4760-9011-07dcd2899702","ErrorMessage11":"edddd95e-dd80-4bca-ad0c-b00eaff1cdd2","Circulation Checklist_02_DataCard1":"586562f7-c226-4ec9-b343-8dacd52c419b","StarVisible12":"dd614f47-ff2d-4b5e-946c-01833f9a01c6","chkReCirculation02":"2840a641-5915-4cc0-92b0-bb975667c013","ErrorMessage12":"42a72efc-6beb-4462-a473-a02a7521948f","Circulation Checklist_03_DataCard1":"ad2417e4-0d44-4d15-8990-f854baf02726","StarVisible13":"cc921a77-a6e8-4b75-8c18-6bc580482b7d","chkReCirculation03":"9f3f36fc-a9c6-421c-98b3-14d2dbd29312","ErrorMessage13":"cef9ab97-300a-4236-a736-828d84d809f7","Circulation Checklist_04_DataCard1":"1303351a-2864-4312-b424-5d2294bcb6aa","StarVisible14":"313232c3-c5da-4fa2-ae00-040968a50c55","chkReCirculation04":"634b6197-a838-4e33-9929-64df0bfcb929","ErrorMessage14":"8fa6faf1-ea4e-42af-8459-68ac8818d644","Vitals Checklist_01_DataCard1":"3215203d-37bc-4a91-92db-7c7385060a2f","TextCanvas3_4":"072737e1-5b1d-42bc-9240-8a2d6ba52f56","StarVisible15":"9daa2c0b-b7cc-4a3a-b521-1057e55abc31","chkReVitals01":"5bed9624-8c22-4cd5-852b-afd570306b15","ErrorMessage15":"948068f7-fc85-433d-959d-e9d72db38ccf","Disability Checklist_01_DataCard1":"4fa2c340-48a1-4fc1-b157-a7ba9eb0a81e","TextCanvas3_5":"2665112d-47dc-4131-b859-b4706666190f","StarVisible16":"8ed9abef-cd01-477c-9e59-d59fefaca931","chkReDisability01":"dba3eb63-2d03-4f92-81c8-de3efd92ce8b","ErrorMessage16":"7a987fc8-3852-4add-95d5-be217403d7ea","Others Checklist_01_DataCard1":"5d7c6056-6687-4036-966b-512580c4b862","TextCanvas3_6":"6999b5f5-65fd-4f66-9587-d5c2513dfb7c","StarVisible17":"b130341f-4d5c-496c-90a7-ca4146bd408f","chkReOthers01":"7907b5c1-bd10-4791-a91b-b9f12f10d266","ErrorMessage17":"046baa61-7674-494c-a375-9e66eaf197b7","Others Checklist_02_DataCard1":"d7ecc529-eae1-41a1-828c-755e2aa6523e","StarVisible18":"6a224113-41ce-482a-951f-00f2682cae47","chkReOthers02":"8342e6ca-a2ec-4b58-bc84-d97bddac13f4","ErrorMessage18":"e0b0ef64-a56d-472d-a028-321e0b210df7","DeleteConfirmDialogContainer3":"9b1933e8-8fbd-445d-8264-63f002e23d95","ConfirmDeletionLabel2":"d986c5c8-7437-4251-8c82-92d28f119dd5","ConfirmDeleteButtonBarContainer3":"a36f6a3a-6cdb-4a09-aeae-989c0190970b","CancelDeleteButton3":"60154e66-f085-467c-b625-0fcecbb19e88","ConfirmDeleteButton3":"4befd1a5-4439-4eae-8ee3-bd05813046cb","Casualty Information Chart\u200B screen":"d476ffef-6207-4c19-b07e-ea9fa9c72021","ScreenContainer5":"5340111f-c541-4852-8160-839dba4ab62a","TableNameContainer4":"bd46d3f1-cff5-4460-9a57-01cfe8a8d554","TableNameLabel3":"91568429-07ca-4053-a5fd-058f2bcfb365","HomeIconButton2":"8ceee00e-a02d-48a4-8803-d1651577a3d9","BodyContainer4":"ab5ed631-d919-45ca-a3ec-dd6dd4815dc7","CmpSidebarContainer2_1":"90c7e5a8-a48c-4712-be04-5957129b3796","cmpSidebar_9":"6fde4471-7f71-4c40-9762-31fc6e2462a1","SidebarContainer4":"78ca228f-da13-46dc-8fdc-18bf1e22b358","SearchContainer4":"9c4df7c4-2475-4444-a795-62c49f28c12a","SearchInput4":"8eb95c67-0945-43d8-b520-32840800dece","SearchIcon4":"98ed5125-5e96-43e5-a928-ad71a412b05f","NewRecordButtonBarContainer4":"74d7322a-8b38-499c-b3c4-257b5ba883f0","NewRecordAddIcon4":"9d75d1f1-66b2-40a2-8119-010d71310ec4","NewRecordLabel3":"874cb7b3-55d7-4865-a911-f8097790cba5","RecordsListSeparator4":"17c1266e-cea5-4e61-9c7a-4883fb024363","RecordsGallery4":"a5526ffc-30bf-4c7b-a400-49c5638c80e8","galleryTemplate5":"0ea9b3db-4fb4-4074-9c64-fc72dda4d10a","Rectangle5":"485b4ee0-dcbb-4bd1-b694-efe6b41ca78b","Title4":"5cd67250-5306-4f29-8bf9-3244dce948dc","NextArrow5":"97fe85b4-8ef9-4fe8-846b-94e607c976ad","Subtitle3":"4621a539-50ff-4f6c-83e5-2ace7b97426a","Body1":"21b274fb-9c94-4454-acb3-ea72c07cfdff","Separator5":"9639559b-01be-4d85-9fe1-84078e267cc4","RightContainer4":"36c35f77-e9c5-4e29-8782-7c259b83e2e7","SelectedRecordHeaderContainer4":"fdb22083-67dc-4304-b93e-a7a0a1acdfa5","BackIconButton4":"c3363aaf-23c5-4ea7-ae3d-b7d087f1afc9","SelectedRecordTitle3":"0668ae9d-71be-4aa5-bdd5-ffc5a62195e5","SubmitFormButton4":"4e691ac3-cb38-4767-8b03-abd04392b6c9","ResetFormButton4":"bf917962-659f-40e9-8d17-8d2f6b4451b1","EditIconButton4":"b1d2699d-1287-4503-8981-6ec6b9933e50","DeleteIconButton4":"6283a9e2-b883-485b-af60-1adbce3d5515","MainContainer5":"0dfd2207-fd33-4a04-8840-9ae0dfecd7f6","frmCasualtyInfoChart":"b863aaa8-78a2-4513-b4b5-d6f75b9f9611","Name_DataCard4":"b394cbbd-93d2-472d-8321-8eea909a5697","StarVisible19":"9db31f65-c34a-46a9-a131-aab8990a091c","DataCardKey6":"4df19bc3-1261-4148-b64c-474869f7daf0","DataCardValue7":"86e19096-61a5-4770-b821-7f21fa44c33e","ErrorMessage19":"73450b9a-f554-4972-99f6-fde95eda2fb9","Patient Identifiers at_DataCard1":"b64156a1-6183-4432-97b8-c85132035e14","StarVisible20":"ee91e659-af74-4810-b67d-e4516221e94b","DataCardKey7":"2157d00f-e873-4d19-b472-274bf73deae7","DataCardValue8":"22f569b8-76ef-4587-948d-184a228f6b3e","ErrorMessage20":"8dd9135e-2e44-4e7f-bc1d-22bb52df380b","Vitals_DataCard1":"dd3bb4ad-7096-4b89-8bad-a4f44f640280","StarVisible21":"08de6789-04f8-47ed-8304-d7ef78c73f84","DataCardKey8":"8412ae80-40ee-4d1e-b687-96e0c1069227","DataCardValue9":"51ddfdd8-9f53-4e7b-86d6-dfecf33acc2c","ErrorMessage21":"ee351130-b8f1-415e-be0e-bcc11bfc2496","IV / Perfusomat Check_DataCard1":"eebfc62e-d5c8-40bd-b87d-bdcd59fce8b7","StarVisible22":"5f848cda-b1af-45bc-b851-2bafb017c269","DataCardKey9":"2a4b9d3b-4805-4a30-95b8-e42fb15251d6","DataCardValue10":"05111c3e-15e1-4d49-8feb-2fb8a5b60294","ErrorMessage22":"977b5a8e-58d6-4c16-ae6e-d55ed70ef0be","Noradrenaline_DataCard1":"be737ac3-bbc1-476d-a229-df1e6b6fc23a","StarVisible23":"38d9a0ea-c87d-4e8a-a47f-28c89cb9842c","DataCardKey10":"00712533-51a4-40ca-8665-4f491d35df89","DataCardValue11":"cb280e5f-1a85-4f01-ae0a-faf3381873cf","ErrorMessage23":"2a19c592-a787-4407-b6ac-169639ed0543","Ketamine_DataCard1":"44067691-4126-475a-ad5e-8aaa87ac07a5","StarVisible24":"9314ae65-c967-4c8a-b6cd-b983d1c4aaaa","DataCardKey11":"b5c428c4-fdfe-46ef-8832-26b03d9f0211","DataCardValue12":"b251b974-105c-4b03-900c-57c897bc66cd","ErrorMessage24":"cf55969f-ed13-4033-99ef-b3025429416e","Rocuronium_DataCard1":"16def617-26ee-4d17-bb1a-c8c301c540fd","StarVisible25":"12ab123b-8e2d-480e-8069-ddb6d886a804","DataCardKey12":"dfe07086-df07-4405-b4c9-49c97351bd5e","DataCardValue13":"f5c2e262-e747-487c-8d01-83bc2cb06720","ErrorMessage25":"494a332d-c204-43aa-bf3d-89297536d592","Injury List-ID_DataCard2":"5dd04133-af45-4899-a133-42982eb3b45d","StarVisible28":"535facae-2e35-4c0b-a97f-364f3ef2761e","DataCardKey15":"633c7dd2-8c66-424f-8446-d952140ed41d","txtInjuryListID":"df8667a5-a301-49b2-93f1-192cabff1aae","ErrorMessage28":"8bda9468-b35a-4ae8-a177-e177a748e247","InjuryList_PenInput_DataCard":"3c9e3000-33c4-4a0e-b91c-c454f2e4a3c5","lblInjuryList":"469f555a-74ab-4e1c-97da-3c0b7eaf50c5","imgInjuryList":"ee13070d-ff5f-40c4-8f28-55e2aabab976","DeleteConfirmDialogContainer4":"0106f09d-bf1a-44a1-b0b8-d695ebf38313","ConfirmDeletionLabel3":"ba77913c-3c89-4949-99ab-f4ad1e0fcbea","ConfirmDeleteButtonBarContainer4":"a9f79b4e-c0f6-4027-9087-de3ee9defa02","CancelDeleteButton4":"e9c9ca62-f12a-40a1-abb8-c5f433560699","ConfirmDeleteButton4":"47d5950e-4550-4a46-9830-3772c569e555","Container6":"8342e390-a352-4b35-bd89-6ceb6bb82170","lblPenInput_Clickshield":"47a6c315-cb66-4e70-8150-b09c6bc6611f","lblPenInput_Base":"64f1fb6c-53e4-430c-a1a8-40995cc290b8","penInjuryList":"842ca687-3dae-402a-aff3-a872f19551ce","icoPICheck":"c21ea3bc-0d77-451e-8f9a-63aab02e4f98","icoPICancel":"c4882fed-3e96-40bc-8d5d-6da334c8c513","Medic In-flight checklist screen":"af7a9a13-1fa5-4e5e-ac12-888532f6778b","ScreenContainer6":"da4df590-94e8-4512-a5e6-fb8574961221","HeaderContainer2":"8c723034-02e4-4585-ab87-bfc840f44806","AppName1":"567ce5f7-a5bf-4644-b70c-ed8ef42b8d03","Offline sync Icon1":"d4a27c48-a467-42b0-b804-2384082806fe","HomeIconButton1_1":"13da7dc1-a911-4393-ba2b-dd029947118d","MainSectionContainer1":"a0781858-bb5f-4361-9a97-97fc7fd4d197","CmpSidebarContainer1_3":"06d2e3e8-5d19-484e-a14a-52bea7450068","cmpSidebar_6":"60513108-a95b-4886-b426-37dc6cc4ae64","Container3":"fbde6a53-6939-46f9-9523-75cf64c97775","SearchContainer3_1":"379c4acd-d8c2-4c47-aed9-42c9266a919b","SearchInput3_1":"63d1057c-c89f-457a-ac46-2f343899657c","SearchIcon3_1":"1878fa2a-58ef-4f71-aa13-3086f42a85f2","NewRecordButtonBarContainer3_1":"32649bbf-3d9c-4618-8fb7-59bef501fa7c","NewRecordAddIcon3_1":"c49f95fd-df65-47c0-94c9-b1d2bff3efe6","NewRecordLabel2_1":"be874c22-4fab-420e-8a16-a3f6d3015efd","RecordsListSeparator3_1":"c7dc7bc8-8257-4799-925b-b2ccc96249e2","galMedicInFlightchecklist":"724547ff-143f-49ce-b6c5-b346201ba5dc","galleryTemplate7":"7eac8e52-a3b2-4874-9704-d9af2597293f","Rectangle7":"af40441e-9fa8-4017-b219-ece7cabb9b50","NextArrow7":"d8b0717a-01d9-4f36-9167-6550e5510954","Title6":"b1168bc2-f2f7-4943-95e5-9c3324782cd2","Subtitle5":"63a3a0ad-2f40-495f-bd0b-97d3fe1a547d","Separator7":"a2b00cce-87c2-4a75-891a-f4395885ffba","Container1":"9ac9b011-a2c7-4bdf-b64c-f8598a7ca721","SelectedRecordHeaderContainer3_1":"dcc87bff-8827-44f3-9676-da7369f0309b","BackIconButton3_1":"0d22acd5-5609-46c9-9547-4a08b00c0027","SelectedRecordTitle2_1":"c9f328bd-c9a2-4b1a-9b10-55db6eeb2d1f","SubmitFormButton3_1":"fd45e389-55a6-4459-8f96-4aea82932c78","ResetFormButton3_1":"f22b3416-34e2-4c14-b46e-514d12c75c87","EditIconButton3_1":"9fc1e155-2f2e-4983-a655-2af4fa268c5d","DeleteIconButton3_1":"8aca9a32-a865-411d-8d22-8670c8f4a137","tblMedicInFlightForm":"bcb49820-eae4-49c7-857c-72c57829bb91","frmMedicInFlightchecklist":"c161342d-f164-4d78-ae02-5ec6c79d786c","Name_DataCard5":"be4c6df5-f915-4eb7-bdce-81f63d2b4c72","StarVisible26":"855ddc34-0505-4c8e-bd9c-52b6c3fa11b7","DataCardKey13":"c7a96852-85ad-4336-9ddb-f7556ab250cf","DataCardValue14":"0721830d-746d-4f7e-b135-334d5950ea6c","ErrorMessage26":"b141a78b-5a4a-4dcb-8e30-9adcbb8c47cf","Monitoring Checklist_01_DataCard1":"8de7d881-f3d2-468d-958f-959430be69c8","StarVisible27":"fcbfc857-d6d9-443b-9c05-b1e16de62b47","chkMeMonitorning01":"4e71b5a6-7b32-4390-9c50-b339612bb111","btnMeMonitorImg01":"4252961c-f6d2-482a-a728-c23343fbd438","ErrorMessage27":"8e646972-0534-457a-9d6d-a2b4cf5ace77","Monitoring Checklist_02_DataCard1":"661cc663-9702-46e3-b5ad-001335019103","StarVisible29":"5b3b7038-21ef-4b86-aa8b-d7859e90b8bf","chkMeMonitorning02":"62858a40-e7e4-4024-a429-99204d3ea37a","ErrorMessage29":"0512d5e5-b4f5-4a9c-8715-47a88b5d2da9","Monitoring Checklist_03_DataCard1":"e6435b6f-782d-4d03-b1c6-2a766b5e283f","StarVisible30":"75be0839-fe5c-478d-9bdd-a712c97e2853","chkMeMonitorning03":"b9b014c1-d7a8-4742-b71d-93a94d35bf38","ErrorMessage30":"ccff7ba6-29fa-416c-a3ae-fd3082ba04c1","Monitoring Checklist_04_DataCard1":"d28f28ce-2961-4f71-b37f-c67d0d6be273","StarVisible31":"66575235-0eb3-4b64-8299-0e5e34b2b075","chkMeMonitorning04":"1da25821-2e75-49f1-bd98-0a1f9cca6969","ErrorMessage31":"4241fd56-4521-4236-829d-ec9b8b16600b","Monitoring Checklist_05_DataCard1":"4d0e9421-3dfe-406c-b257-b65b07d78091","StarVisible32":"2358cb3b-cae6-4b69-b18f-eb44de4da6d6","chkMeMonitorning05":"7b992da1-5f95-43f4-ade9-9a083528a6db","ErrorMessage32":"b9dc6530-6124-4523-abaf-9d942dfc7cbd","Workspace Checklist_01_DataCard1":"4e041358-bd77-4718-b643-af76b84e7501","StarVisible33":"8e0c2d00-8589-4845-a54b-662c85fef6cf","chkMeWorkspace01":"f21f196a-0e9d-49ce-a91b-53b83ece0ee2","ErrorMessage33":"24334459-850d-4de0-8e3a-17d520ef7ec0","Workspace Checklist_02_DataCard1":"6ae883bb-0646-49e8-931d-e871a081de4e","StarVisible34":"baf8165a-3f4c-43a7-8c14-92e8c5628acf","chkMeWorkspace02":"1ce278fc-ed87-4d7a-928f-126cbccb36e0","btnMeWorkspaceImg01":"2f1ca88f-b1e8-481f-82f3-899f043fc49d","ErrorMessage34":"88f860d9-87b5-4d50-8648-53c01f658968","Workspace Checklist_03_DataCard1":"b099974f-72bb-4a62-89d9-ed4e7d171578","StarVisible37":"cd4af75f-12cb-4043-811b-a7035678957f","chkMeWorkspace03":"f6031d10-7885-4830-9a99-723516aec4f5","ErrorMessage37":"47d1ca6b-99d1-44b3-b266-5cc64996f537","Workspace Checklist_04_DataCard1":"dab893db-01df-4f80-b94f-91b9c0ffb017","StarVisible38":"e0428cc7-863c-4f18-a369-012157c1756a","chkMeWorkspace04":"f986bd57-25fa-4f9e-9e9d-354ed4a9cda9","ErrorMessage38":"082a69bf-f1a4-454a-b4c6-a6522048c34d","Workspace Checklist_05_DataCard1":"da560f50-2c3b-4873-a2aa-fcc09d055345","StarVisible35":"240ee55d-0308-4911-8dfb-66682f5f9829","chkMeWorkspace05":"b882baa4-4980-46c9-91d2-ed452721bf60","ErrorMessage35":"11e3bfb8-9afc-4d40-b719-08893a2d03fd","recDarken_2":"223b1fc9-84d0-4851-8b68-1471b8e9a4a9","conModalItems_2":"8aa284ca-fcb1-4642-b136-add8530afce7","Gallery4_1":"73af7730-2b18-4da1-94f8-693c8e8184b8","1dcad70f-dcbf-4315-b15a-9bee3fc1a37e":"1ddb7b09-e4a1-4ba1-b754-3e38606feba1","Image2":"0fe22e32-a582-4856-8d57-901b17181ab1","lblTitle_4":"0af98093-38e6-4006-9ca4-faf117349f36","btnCloseModal_2":"cc334b4e-247d-4ddc-aebe-01a98989e25f","grpModal_2":"7e3ad9b1-193f-48c7-8934-fa622de1ebf1","Screen2":"4ce25502-c0ed-4247-90d6-143de7b0a4a5","ScreenContainer7":"f6bb8e16-6897-43b6-acc6-eb730af18a6a","HeaderContainer3":"ca1992d9-a1a9-4c32-9464-80d264cfca4d","AppName2":"45671f32-c718-4504-9b94-44f69b5db48f","Offline sync Icon2":"cfa87a3f-5e84-44a2-b84c-3d6fc44d92c9","MainSectionContainer2":"c2d6f9c8-fce9-4b5c-a9f4-aa1041f50f8a","Pre Flight Protocol checklists screen_v2":"d879bb8d-fe40-46f0-a486-ce45e86a5d46","ScreenContainer8":"b05add86-9f83-4cbf-a49b-c9658f1a0648","HeaderContainer4":"a8a7bf22-973c-4ed3-8ea3-937739d44eac","AppName3":"a4c13a0f-a89f-4b7c-9f17-d8be774c3b01","Offline sync Icon3":"974d7db6-1dd5-4fef-9a58-21bf66376d1e","HomeIconButton1_3":"257a3db3-aba5-4313-9d87-7b66a059aa44","MainSectionContainer3":"ea788eb3-f10c-4dfb-88bc-3ade3c990461","CmpSidebarContainer1_1":"5cd4411b-6876-4261-8db1-edfdd94b8cb2","cmpSidebar_3":"3052ff27-4415-4322-b9c6-ced16537453f","Container7":"67a57851-807f-4839-b45e-b8273fb81a0a","NewRecordButtonBarContainer1_1":"5d967ff0-8717-4aab-b1ca-b4868e08163a","NewRecordAddIcon1_1":"09b109ac-bab5-4ba2-9b66-fbc4d4634326","lblNewRecordIndicator_1":"a4b3a892-986f-4148-a67e-6b81c06693fa","RecordsListSeparator1_1":"19263d5c-946e-4bcf-9be5-218f51ba1a12","galPreFlightProtocol":"619cd643-b390-44be-805f-d3fd5dfddd3c","6d5a5fc1-ab75-4f5e-828b-ee6c575f293f":"6f18ca3c-e0a3-48de-aae3-a89c09f347cf","GalleryContainer1":"1d1105bf-8427-475d-b40f-d348bead29ed","TitleContainer2":"c85b80fe-b1e8-49c4-8425-04e29f2b1c03","TitleText1":"189f03a5-fa81-4c21-b511-d1c8d3a9fa2c","DescriptionText2":"83050ca1-d173-410d-8409-a8beeacff424","DescriptionText2_1":"6b487d75-9e7a-4b8a-ac22-fa966bd11662","DescriptionText2_2":"07c7ca99-e91b-4e7b-9c1a-da0e1999eaa1","Label7":"f899ed10-452f-41e9-bb4e-ebcb352bb4d3","ButtonContainer1":"988d5a3c-8937-4f83-be9f-06c538e6ebde","Button2":"4c79df24-3e3e-4844-967a-96e05eb4f245","Pre Flight Protocol checklists Form screen_v2":"1ecc53d1-4b64-4701-90a7-7ded6d5b471d","ScreenContainer9":"f498c0c7-18ad-47aa-897b-5ddef033ce3c","HeaderContainer5":"3862eb07-45e7-4bd4-a51f-78dcc2aef4c8","AppName4":"a292a370-d970-4716-86da-8885c61e61bf","Offline sync Icon4":"d05f979e-3b88-47f7-bb52-4d3309ada1e8","HomeIconButton1_2":"c22025ac-6def-43d5-8a1f-b02ca5765652","MainSectionContainer4":"ee2d5641-f58e-4bef-af94-4d2024b7ac4d","DeleteConfirmDialogContainer1_1":"9afcc4cc-dab9-4c4a-8e76-9a1c69115320","lblConfirmDeletionMessage_1":"6257f771-d46b-4b91-8c5a-494775e6d10d","ConfirmDeleteButtonBarContainer1_1":"4a790f2f-0a68-46ef-9b72-c1aa76a1e484","CancelDeleteButton1_1":"e7127334-b594-41ae-9dc0-ef707f1f18cc","ConfirmDeleteButton1_1":"8332bd0e-68e8-434e-a054-2d246796bd66","CmpSidebarContainer1_2":"e01ae5d9-09cf-4c5c-bc4b-ae09a9db1cdb","cmpSidebar_4":"8cd1f8d8-c6c9-45e2-b27b-84a865bb8fc5","Container8":"47711334-8671-44cb-b163-c520cbd35f54","SelectedRecordHeaderContainer1_1":"69fba933-b07a-4c84-a983-8dfab7265118","BackIconButton1_1":"0db9b83d-6b49-4cf7-b75e-90e8892c38cc","lblSelectedRecordName_1":"509f0f8a-7540-4bf4-9b59-71ab6cd02e48","SubmitFormButton1_1":"715ec0cd-f2f8-42a8-ab33-9311a8bee1af","ResetFormButton1_1":"0760179f-42c5-4e33-9e15-71dbddccd6bf","EditIconButton1_1":"f2345db5-ce2b-4533-b961-6fe71cd34e30","DeleteIconButton1_1":"71e62945-277d-475f-966f-1ff15396a3c7","tblPreFlightForm":"b54c08c2-b315-4b30-9d12-b42349ade2e5","frmPreFlightProtocolChecklist_v2":"43c5d6dd-92b8-4b0a-b91b-a91c368e64ff","Name_DataCard6":"cfe45935-c0ab-49dd-b3ff-b783d0397c93","StarVisible46":"edf902fd-942a-406c-a906-0b64b1e495da","DataCardKey23":"f1fa2877-5218-4410-a896-914465ecc947","DataCardValue22":"938e6a85-2db9-486c-b9c2-665dc90c7f6d","ErrorMessage46":"c53d183c-d6c1-4749-8d59-79d77e51fcdb","Equipment Checklist_01_DataCard3":"5ffe5358-641e-4d92-aa96-1597324d1c6c","StarVisible65":"3c25435a-1176-48db-8409-1b0adba4b9c7","chkEquipment101":"4661505f-4ae4-4a32-bd63-81dca24f780a","btnPFEquipmentImg01":"b449e2b7-5dea-4a2f-814e-39a7cb928ee3","ErrorMessage65":"331528b1-4fc5-4a9c-8806-9e816090a516","Equipment Checklist_02_DataCard2":"e3b711b0-a1ef-4770-86df-76ca15a900df","StarVisible47":"4ce4ee8e-15d9-47f0-a349-eba84f285039","chkEquipment102":"84241e6f-8ae2-482c-8a03-1e5585e8727c","btnPFEquipmentImg02":"d8a47fbc-88ee-4f52-a4e7-bd57257d26b0","ErrorMessage47":"20a7facf-b119-4a7f-9179-09982b566703","Equipment Checklist_03_DataCard2":"db770a45-b5d4-4251-a1fd-c4c049898e60","StarVisible48":"6347a0e2-13d7-4a3a-9493-c28453304e26","chkEquipment103":"6cb322bf-f8b3-4fc4-9db6-8bf2443688aa","ErrorMessage48":"50645a2a-0287-4291-8e24-0d49945cb04b","Equipment Checklist_04_DataCard1":"85e1f720-ad1b-4f5c-9e71-c18bd8e28945","StarVisible49":"a4ccdd6d-a287-4c3d-afb5-df9dc75f1742","chkEquipment104":"23307f9e-d35b-45f3-bb55-7a69fb30b4f5","ErrorMessage49":"6aedd7bc-75c7-4cd9-8e62-01047dd9708a","Equipment Checklist_05_DataCard1":"80d1f75a-b9a5-48cc-8bba-6ad33f7c055a","StarVisible50":"e1a1cbd1-c7f4-4217-9ebb-8610f23fb0bc","chkEquipment105":"0ffffa2f-53b5-4865-8670-8d998f11ee38","ErrorMessage50":"d270f98a-9a0b-4ad2-824b-12153d155617","Equipment Checklist_06_DataCard1":"03addcf8-e426-4f36-b505-e5b0d83bda4c","StarVisible51":"4cf660c4-9a56-4f79-909e-de4c0d0c345d","chkEquipment106":"d287c97b-74ee-4be7-a6ca-90e3437e97c3","ErrorMessage51":"96a10460-7d22-4df7-8b00-590808528ae7","Equipment Checklist_07_DataCard1":"4e671e01-6260-4581-826d-57d09053228e","StarVisible52":"ba6982b7-7c1a-47f7-9a1f-813250471ab8","chkEquipment107":"34836017-74a0-4db6-919d-604e6f766709","ErrorMessage52":"4724c4ee-7e9b-4be5-86f2-4b8a832a0eb1","Equipment Checklist_08_DataCard1":"956f220c-2a0e-4acf-b18a-b3b49f8cb08f","StarVisible53":"f42e0e14-24e2-47aa-8204-c38d5c362789","chkEquipment108":"601baed7-c2ad-4be1-8940-9c47f916cc69","ErrorMessage53":"a7e78cf1-e9c0-4014-a496-04ea210a6c0a","Equipment Checklist_09_DataCard1":"e00e036d-6183-43f6-86a3-e3e9538ca9ed","StarVisible54":"cc91cd34-bf1a-43da-ad2c-a4fbdf43d826","chkEquipment109":"b5a4e0b2-bb21-4eb3-8d29-b008fe694e85","ErrorMessage54":"7187095f-110d-4417-b544-81218118ef89","Equipment Checklist_10_DataCard1":"864b42a8-470e-4e6a-9731-543a4fc43e84","StarVisible55":"785f52a3-cc2c-45d5-8586-eff2ee83e030","chkEquipment110":"6adad8f0-492b-4d9f-b14a-17b6e40f3830","btnPFEquipmentImg02_1":"6aafb2ba-a903-46b6-a183-d65dfb444610","ErrorMessage55":"6c6bc80b-3a25-482b-8772-bab02d473cc4","Equipment Checklist_11_DataCard1":"b78f84b6-e295-430d-b659-abc6af5e7ea8","StarVisible56":"15146afd-680b-46d7-a8a9-a284e9c412a2","chkEquipment111":"15c6c4f3-d50b-4eac-a9ac-b7e81e12bab0","ErrorMessage56":"8307b983-65f4-41e5-a909-c75067dd8c37","Equipment Checklist_12_DataCard1":"decd88ee-e6ea-4153-b5fa-852d25c7df94","StarVisible57":"ff0f13cb-3eac-4d68-ac58-8714253412a4","chkEquipment112":"569b0a58-da69-4dd0-9b73-fba6ae89a119","ErrorMessage57":"96483c06-99e5-4e94-9763-aadcedb241ae","Equipment Checklist_13_DataCard1":"217f5986-608f-4578-bef2-684a620c160c","StarVisible58":"f8618bb2-3f73-44d1-b0d6-b9c1cef5e502","chkEquipment113":"07e0b4a4-bc4a-43a6-a31b-6f0f556d272f","ErrorMessage58":"dfb9c1bc-5b47-4114-ac55-61232ac44d87","Medication Checklist_02_DataCard2":"ea1af899-86fe-4e4f-9bcb-77bc1f968c98","StarVisible59":"f2f58188-df9d-4e8c-98da-e1de225a8839","chkMedication102":"766e3c23-ea7f-437b-89b6-35a8d4dcdd4f","ErrorMessage59":"177ee085-f87d-4222-b770-f83394939e6a","Medication Checklist_03_DataCard2":"aeb1a8ba-f8b0-48f5-a0ef-e5fc68055919","StarVisible60":"41d36a0c-78e2-45ee-b963-4aae9b714abb","chkMedication103":"6ceb7b84-ab80-4602-a994-2728a6353f71","ErrorMessage60":"71314847-94a9-4004-85ca-d4a953fc6fca","Medication Checklist_04_DataCard1":"289142af-d658-4e51-80c0-b014778325da","StarVisible61":"7c072ff8-b1a2-462d-9bc6-e0f006296a34","chkMedication104":"026bc135-ef57-4fc3-9937-4e4bd8fab3eb","ErrorMessage61":"ccdd19e4-0939-48e3-b21d-6dfdd5d5b386","Medication Checklist_05_DataCard1":"5176add7-51d7-49d0-ae96-255d1b9faa63","StarVisible62":"ff1ab5d4-7990-4fed-a7cc-e73f860c5325","chkMedication105":"467976d0-593f-4e78-a26a-abaea77c927b","ErrorMessage62":"620a6a61-a83d-4b1e-9615-6cfce2ad1ba3","Workflow Checklist_02_DataCard2":"9bbd415d-e9c2-4789-afe6-a1bea30e3ddd","StarVisible63":"ca84a897-3efa-4845-86b7-cf002842b7ec","chkWorkflow102":"78dfe4fe-31fc-4889-a140-9daf8cbc94b0","ErrorMessage63":"295c721d-535f-4734-9f11-9a0c3164f50c","Workflow Checklist_03_DataCard2":"c2f6566a-c276-4617-b057-c919072f1582","StarVisible64":"f9d7f8a6-97cd-4ed8-9767-6b9ebfef2277","chkWorkflow103":"6c753ab2-a33c-423a-8b8f-3209f4dd77f0","ErrorMessage64":"1253a43e-1d28-4ee2-9641-4b48563da706","Medication Checklist_01_DataCard2":"2e7585ee-c524-4f87-bb69-1c104b543436","StarVisible41":"919dc596-a056-4e33-a275-a3de277ccd35","chkMedication101":"0c660bbf-a60d-4afe-b52a-56cf8ab82691","ErrorMessage41":"c682629b-2296-43e1-a906-0ca46ecea2da","Workflow Checklist_01_DataCard2":"121b7113-4df9-4d96-9eaf-3cc745d162ab","StarVisible42":"920446ad-03e8-44a0-b5fc-a243a6fa2c0c","chkWorkflow101":"f218c8d8-8304-4026-ac5a-1a7135b5ce72","ErrorMessage42":"9b49a2c7-0176-48bd-ba68-45820d9d9e6c","recDarken_3":"2c25cd9a-266f-417a-b90a-c96b6b78e2a2","conModalItems_3":"645059b7-b827-4ff7-a1da-0f525f370e16","Gallery4_2":"318644d7-6a9d-4beb-8f72-15d49ff27cd2","befc71ba-f389-4cb7-bbb5-067ce7fc0895":"ef48ea80-5bbb-446a-bfac-bddbd1819c4a","Image2_1":"8d9d61db-ddae-4dc4-afdd-3be981c130f7","lblTitle_5":"57c59a5b-cd14-4f5f-aad5-7d7ef1a57fb0","btnCloseModal_3":"997f70c4-a2af-445d-927e-995566b4bb1f","grpModal_3":"c2f03545-cbff-4c17-a7a2-45b08971fcfd","Landing checklists screen":"5657cc11-80f5-4e5f-9664-3718de81b484","ScreenContainer8_1":"170f68de-7d6e-4f17-8e7c-1400503cacb0","HeaderContainer4_1":"d6f0b8eb-787b-4be8-bc80-f4fcb2a0a55c","AppName3_1":"7ff59a2a-9477-4129-98f9-7e0da6c97cef","Offline sync Icon3_1":"3e4f1306-e347-49f6-84fa-9de6ff4a735e","HomeIconButton1_4":"77728b44-8511-40b9-adaa-a98ea26be954","MainSectionContainer3_1":"e76926bb-4d6d-4025-9771-b80b1454a987","CmpSidebarContainer1_4":"f27739d2-0581-4931-822a-33c040fb2a6e","cmpSidebar_7":"9ca4eac0-b12e-4767-8b13-9c6ee7d3d19e","Container7_1":"a11265c4-7e2c-4a93-abb7-8685c395101f","NewRecordButtonBarContainer1_2":"07f90f3c-55bc-4cee-8b6f-58705b04b639","NewRecordAddIcon1_2":"c0fc8ff1-c5fd-4376-b12c-ec336f871d38","lblNewRecordIndicator_2":"a9c4444c-6429-44d6-8d62-585406e8a5d8","RecordsListSeparator1_2":"aa7c8547-8d53-48eb-a048-9673ebde25fe","galLanding":"49421a48-2a94-4190-a1e1-3e60a161e66b","6d5a5fc1-ab75-4f5e-828b-ee6c575f293f_1":"a9c254cf-d1e2-4173-b076-3b8ab75c2407","GalleryContainer1_1":"97f8da32-8e18-436e-8f73-62af3d5cf617","TitleContainer2_1":"e13e5844-abb3-4bcf-9d29-6d47c03e4928","TitleText1_1":"02fa34ac-a47f-498b-a1a3-21c04d4352e4","DescriptionText2_3":"e8bb9df5-7250-4054-93c6-855165b7be19","DescriptionText2_4":"c013dd79-34e7-462a-9708-866634a6f63b","DescriptionText2_5":"ca70f9f4-2e4d-45c4-9906-765cbbc672de","DescriptionText2_6":"2cad649b-16f9-446a-8210-4201e51ed2bf","Label7_1":"1a389c18-08ab-4c1d-a646-5e2bb0e0ede2","ButtonContainer1_1":"d306020d-5840-4096-a697-bbb7bfb9d1cf","Button2_1":"b98c4a8a-2cdc-4541-8891-77efb35e98b5","Landing checklists Form screen":"4595521b-c6bb-4c9b-ba4b-16a312ea2f1e","ScreenContainer9_1":"c577e2b6-8d07-4dcb-b2aa-e593af59b5a0","HeaderContainer5_1":"387d3dcb-d4bf-4d1b-ae56-bdf4d4cdf149","AppName4_1":"b3d29317-d4d5-4677-9bb0-89fe832a9248","Offline sync Icon4_1":"72dfa8c8-9613-4e53-9f87-0a1eb3d3b64f","HomeIconButton1_5":"7769fae2-5413-4c2b-baa5-df844816252e","MainSectionContainer4_1":"7ee0df61-fcbc-4148-9524-762cc3caccee","CmpSidebarContainer1_5":"9e3b420b-51d4-4e2c-ad3a-e2c28da47e90","cmpSidebar_8":"f7950682-e2f7-4bdd-a6cd-5daeafc1053b","Container8_1":"ac5a68a2-5306-425f-96eb-ccf511433833","SelectedRecordHeaderContainer1_2":"198f0dd3-728d-4e4a-a5c7-ce85e6f2865d","BackIconButton1_2":"5fca58e8-dbd3-48ab-b6db-cb8bfeaff605","lblSelectedRecordName_2":"5fab3386-97a2-4b90-a269-7226afb81eff","SubmitFormButton1_2":"bb1eb8b7-f1cf-41a6-aea9-4afb63e0b004","ResetFormButton1_2":"a21a18d8-8e05-4606-b030-a29353e7c0fa","EditIconButton1_2":"30c14569-c36b-4f47-b547-0782b5053c4d","DeleteIconButton1_2":"5a2978b4-638b-40ff-8701-246154c8bc99","tblLandingForm":"b0c14b6c-81d0-4691-9b1f-73399542535f","frmLandingChecklist":"63fcf466-3567-4d89-ab08-36257b27b37a","Name_DataCard7":"9ae398d3-efc5-4e26-ac97-cc190fc0f1be","StarVisible36":"c40aa30b-1535-427a-9ad0-36428140ef7a","DataCardKey14":"86076010-12bb-4324-9eeb-1ecb1dc7a125","DataCardValue15":"b1783740-5504-4729-b65a-8a1308d54d3b","ErrorMessage36":"5843ec37-dd6f-410c-b591-3100f1a980d6","Medications Checklist_01_DataCard1":"048eadba-203f-4068-acd3-c6dae8d040a3","StarVisible66":"5f127dac-e863-45d6-8661-397fb9753299","chkMedications01":"66440db9-2c7e-437d-8c28-58b0d5ae670e","ErrorMessage66":"9e52b253-6f0f-4b41-9daf-828d6bc66fe2","Medications Checklist_02_DataCard1":"0ad6897b-fd9a-4c20-9317-3dca79ddd471","StarVisible71":"58753a1a-90b2-4c9d-8457-10ab2c0acc35","chkMedications02":"0633b83e-5721-4c50-822f-a02d4c0c9b2b","ErrorMessage71":"606b3cb6-8434-49ab-b362-709a73e2f345","Equipment Checklist_01_DataCard2":"28d8afdc-db9e-43f7-9acd-7a1426d3c62b","StarVisible44":"b286cc4a-2739-4bce-9210-c33e672164a9","chkLandingEquiement01":"0b3b33a3-d48f-444a-b4ae-ff5453013adb","ErrorMessage44":"25ae5865-0a95-4e4a-a55c-25af18b79044","Equipment Checklist_02_DataCard3":"7b6dbec2-d279-4663-942b-cc181744e920","StarVisible69":"77dfd1ad-0391-433a-9da0-2fbcaea32293","chkLandingEquiement02":"eb726153-6845-4c83-93c9-22e1659e1462","ErrorMessage69":"251e5d11-a316-48c9-a94a-65476d28ad9f","Items to Bring Checklist_01_DataCard1":"98b0471b-d0ee-4c95-97df-016635dc1574","StarVisible45":"928a4702-45b4-49a5-8066-55c6d82f8416","chkItemstobring01":"52f13ae0-9178-41f9-a957-5ef372ff11bf","ErrorMessage45":"93d11801-d34d-452a-9d60-105d1573a3db","Items to Bring Checklist_02_DataCard1":"eba6f03b-045d-48f5-a731-3e3d6cec4541","StarVisible70":"d98be5c9-5d03-4b62-a408-3026ca2e9159","chkItemstobring02":"5abfc8fe-7b97-4b50-8cdf-eede00949b76","ErrorMessage70":"704381e5-989f-4283-bb9f-52e1ba644cf6","Miscellaneous Checklist_01_DataCard1":"d547a820-e446-4163-9b02-015cd1e6c3d4","StarVisible67":"bf1681cf-895f-4148-bf33-d6f8f53f4318","chkMiscellaneous01":"72c14ece-3e76-4e32-a8dd-bff7f55b9fab","ErrorMessage67":"da43e831-271c-4435-b11a-c70e49283cf9","Miscellaneous Checklist_02_DataCard1":"a69597ad-f86a-4137-9ea6-76c7f89bda3c","StarVisible72":"1bdf875b-9600-4c54-812d-1a58405afd05","chkMiscellaneous02":"1dfd535a-3c01-46db-9043-8c753c566a65","ErrorMessage72":"e9fa8993-9bb1-4c37-82bd-4468fdba43a6","Miscellaneous Checklist_03_DataCard1":"f1b9cb85-0ab4-4e91-8a1c-5a598ccbef3b","StarVisible73":"6f20224e-d9e3-46cc-96b2-090ac33b5602","chkMiscellaneous03":"a6f5a2e0-938a-40c8-8a88-2c7960d44469","ErrorMessage73":"42973eb8-707f-4d68-aa4c-3a24915ba306","Miscellaneous Checklist_04_DataCard1":"8cc6e422-11ce-4bc6-99f8-4026aae4d293","StarVisible74":"37e9ca69-a030-4227-b7bc-b16af99e068c","chkMiscellaneous04":"42cfc95d-d980-4a9d-af29-3ff58577ea82","ErrorMessage74":"9adf8481-7e9c-4b4b-9093-1277b4edbd6a","DeleteConfirmDialogContainer1_2":"f49773ee-af53-4b0a-9a03-5626893d0cb0","lblConfirmDeletionMessage_2":"26c6b0d9-856c-464c-a352-4fd392d547e3","ConfirmDeleteButtonBarContainer1_2":"20cc97a8-9c24-4089-abe3-87488bc44425","CancelDeleteButton1_2":"5907ce29-5d39-438a-a2d6-b4e921e55ba3","ConfirmDeleteButton1_2":"7d51939e-60dc-48e3-8934-6807559388c8","recDarken_4":"7ce23d0c-e22d-4ba7-a6ba-590fa05fd286","conModalItems_4":"3e61c394-5928-4b91-be57-845bdc16715f","Gallery4_3":"6dd76924-13ba-48e0-87f3-59e9928c6893","befc71ba-f389-4cb7-bbb5-067ce7fc0895_1":"cfeab259-cab5-4e09-8104-26911fa2116c","Image2_2":"94fa9817-871a-4d06-98b7-8ddba00cf66b","lblTitle_6":"60d18336-e5b2-486d-aca2-766c191435e0","btnCloseModal_4":"2a0af8dc-eea9-4efc-906b-9dc5bfcce15e","grpModal_4":"7abedb35-c6a3-49b7-a1b4-af3aa5068c9b","CSAR checklists screen":"b94ae4cf-7433-4a36-8ff3-01b57e22f75b","ScreenContainer8_2":"0ae65b43-dda1-4509-975e-b0b2d41e89b7","HeaderContainer4_2":"a2219aef-9de9-48d4-9183-b57589aadeff","AppName3_2":"baea7a2b-4bfd-4000-bb9a-67de2455bb9d","Offline sync Icon3_2":"9f50ff27-c664-41dc-afe6-d205957ff9bd","HomeIconButton1_6":"e1aff5c6-5483-49ad-b35f-cc292039ca84","MainSectionContainer3_2":"bb42f914-59fe-4204-8d7a-ae123e310528","CmpSidebarContainer1_6":"7ac00877-c63b-498c-89ff-1e462949895c","cmpSidebar_10":"f996460f-6dad-4e85-a11d-02b7892dc216","Container7_2":"8729818f-9d5d-40bb-a9f7-12ed77bde622","NewRecordButtonBarContainer1_3":"f9524709-eb49-4228-90a2-a8c7b7300cb7","NewRecordAddIcon1_3":"d75346da-ad73-4b47-b2d5-bff0800d7546","lblNewRecordIndicator_3":"bd1af480-2333-45e7-95bb-3101ddad28fd","RecordsListSeparator1_3":"908ccd5c-7db3-417d-8a16-7131038fd417","galCSAR":"de99b15c-9566-4be2-b3c5-3f00ece79ad2","6d5a5fc1-ab75-4f5e-828b-ee6c575f293f_2":"4b7c63a7-26cc-48fc-94c6-c20db0bec6b8","GalleryContainer1_2":"e743e3ba-1d8a-4e44-bf48-9a49122b6363","TitleContainer2_2":"39f8f6b6-3a3c-41ec-8599-864841a28010","TitleText1_2":"c709c6f3-e467-48ec-bfe6-d3abac3337da","DescriptionText2_7":"7728895b-fa70-4505-8de1-8bf7f6a539d1","DescriptionText2_8":"c295c6f4-d29b-4859-94ee-d69e731aa4c8","Label7_2":"6ebed6ff-0f40-44fa-84f0-999b0c1ee74c","ButtonContainer1_2":"5a7fb8e9-87d2-47ff-958b-87142603d06a","Button2_2":"d670fd13-915b-4529-8bf5-b0ddf900f039","CSAR checklists Form screen":"39a74a4b-ca6e-48cf-a09e-66565260068b","ScreenContainer9_2":"e7dddbcf-2a95-4b7f-b77e-76f8fddf2e11","HeaderContainer5_2":"aac1f1e8-2730-457b-b4e9-a70577ede7cd","AppName4_2":"1ddf16bb-c72a-439c-8b0b-26ddbc199afe","Offline sync Icon4_2":"2c05a346-7940-4731-bbf6-3af14984c60c","HomeIconButton1_7":"476fb43c-fa2a-4e45-b0ac-604934bd4a44","MainSectionContainer4_2":"580d5a55-f79f-4fe7-9a68-9498eb0eef93","DeleteConfirmDialogContainer1_3":"31fef380-f672-4c59-b3d6-8e3fcc553dea","lblConfirmDeletionMessage_3":"fe3e74f7-a87a-4055-8d11-5022914462f1","ConfirmDeleteButtonBarContainer1_3":"d2b552a6-ce0b-476d-8e93-530349c0fdbc","CancelDeleteButton1_3":"1c891e55-d360-47c4-b878-974930c553ea","ConfirmDeleteButton1_3":"4fe35e52-a5a0-4cec-9bac-985aa4cf88ca","CmpSidebarContainer1_7":"4d64a77f-8422-4e31-86af-bc34f0ce212e","cmpSidebar_11":"df4f3a89-f529-42c1-b68e-a49d34116cc9","Container8_2":"e9c5ce07-8aaa-402a-8071-6b6fff8f2d8e","SelectedRecordHeaderContainer1_3":"6b196ad8-3a14-47f6-9dda-c09d4ec91ce6","BackIconButton1_3":"b6bee741-67a1-4289-8ec9-f5a8803ec412","lblSelectedRecordName_3":"5d209238-de65-4df3-b032-19a0cb475f80","SubmitFormButton1_3":"241f20ea-244c-465c-9876-9bfbf6630abd","ResetFormButton1_3":"a22acc30-cb1e-4297-9c63-e3cd784f1747","EditIconButton1_3":"b987b1f2-dec8-4b03-8949-d1eca6a9f752","DeleteIconButton1_3":"6d73eb1b-4441-4f91-a573-a4bcf893c81d","tblCSARForm":"3698a011-71c1-4c2d-b2fa-1850da6f5904","frmCSARChecklist":"efe1ccd3-0f84-4ce8-99ff-00ce479ae3da","Name_DataCard8":"aec051ce-f923-4dea-872d-01c1a5b5ab55","StarVisible39":"39662bea-a03f-4987-9cda-aa307896893f","DataCardKey16":"c654108c-39af-429b-bc84-2fb800268b4f","DataCardValue16":"fad02298-bd39-4551-8225-8476346b1567","ErrorMessage39":"98ae0ed6-f59d-4ab1-ad35-7a480efa2bde","Medic Checklist_01_DataCard1":"9850abc1-a88f-48a9-bd1a-34aa0ef4e5d1","imgMedic01":"4f95156d-b376-41d3-a1c6-ea29e51a4287","StarVisible68":"38f10d67-15e8-4f02-b848-8bea3305d3eb","chkMedic01":"8eb6968f-076b-49a2-ab12-78412ee5383f","ErrorMessage68":"9c32649b-b6d4-4723-898e-f380c9cf7c60","Medic Checklist_02_DataCard1":"2b6fe8f5-3262-4626-9b09-58b905f7a8d7","imgMedic02":"43a90eeb-1d63-4d65-9f6a-f6fc03a1205f","StarVisible75":"30c69e7e-d29d-4ceb-9e40-d1a39e4cbd50","chkMedic02":"699733a1-e031-4174-aebc-a22e1b5900a2","ErrorMessage75":"f8377f65-3fe1-4219-a5b0-0add4d67276c","MO Checklist_01_DataCard1":"0594ac7f-ede8-4f52-ab25-98601bedee26","imgMO01":"8515abd5-cc95-48f6-8de1-dc85ae9ef395","StarVisible76":"7465fe73-83df-45a2-8f7f-92ddf3e11e9d","chkMO01":"381ea189-e15c-4fc5-8d35-103650d7efd6","ErrorMessage76":"5462536c-e23b-4f6c-8d80-13bd95b0d64c","MO Checklist_02_DataCard1":"820e6349-726a-4b9b-b048-1d98aca7b93f","imgMO02":"20bc7f3d-6a00-46be-a2c7-8a8287102741","StarVisible77":"cf17d705-7107-4cbb-9826-c8e94af82b71","chkMO02":"29df5f89-d50e-4b6f-a9a1-dcbda91c07ca","ErrorMessage77":"66e66178-3d8a-46a8-b093-eb7fe1974682","MO Checklist_03_DataCard1":"b110c9cc-3521-428b-b606-ae52bcafd39d","imgMO03":"c99784cd-ff1c-49f2-8011-e110cbc5a6c5","StarVisible80":"1cae7833-c167-46e0-93e7-bfeecdb8afa9","chkMO03":"8857a3d1-5097-49d2-89e0-07f45c0b4892","ErrorMessage80":"14162aee-325b-4b26-9328-163a34be7031","MO Checklist_04_DataCard1":"a8822326-14b5-49fc-9613-f1b054956527","imgMO04":"e226370e-c250-4163-89cd-cb0be53459ff","StarVisible81":"f7ad8165-1076-4676-a3af-2a3ee386005e","chkMO04":"582f4b6c-2ba6-46ce-8958-5ce8d81a0682","ErrorMessage81":"a264b14a-2900-4665-9e10-06a4bb3a26b2","MO Checklist_05_DataCard1":"406eb5c9-b3bf-4f55-af63-dddc52ec4732","imgMO05":"de3ac7c7-45bf-42b4-b3db-819fbe0c8264","StarVisible82":"0a863dee-e842-4e52-8ede-f918835f488f","chkMO05":"5d4abc02-7aaa-48da-b50b-f68b052e65d7","ErrorMessage82":"4f086a69-ba8e-4b3a-864b-c221444497ff","MO Checklist_06_DataCard1":"d7233bd3-3da1-40c3-83fc-a556ad3573d7","imgMO06":"bf647868-24d9-4e5d-b5e3-5e7d1261f15d","StarVisible83":"a7e2e779-1cca-4782-9622-b31877e51200","chkMO06":"58c28af3-4028-4c5d-88fc-da7a352cccb1","ErrorMessage83":"f0095e3b-3754-4e60-bfea-2baee346f70d","MO Checklist_07_DataCard1":"bcb1d987-a6e0-467d-a06b-d4fb8013de36","imgMO07":"ba946906-82fb-4f2f-af98-d41708aa59f7","StarVisible84":"cdac57c8-910b-4eae-a8f7-c06018dce6ed","chkMO07":"b242c6bb-cbe7-42a6-a01f-c5db39026d50","ErrorMessage84":"30b8549a-400d-4e24-b730-c5a96e124e76","MO Checklist_08_DataCard1":"64365afe-2957-48fb-993b-922fe6951ed8","imgMO08":"3dee8a9d-cb2e-4b08-ae28-dac3cbec400e","StarVisible85":"42da801f-da39-4f71-8e51-5a1de11b30c6","chkMO08":"b8bd877f-63ae-4536-8688-4ddfa4f83a43","ErrorMessage85":"250812c1-6029-40fb-9818-79a8c528c087","MO Checklist_09_DataCard1":"c36edd6d-118e-4179-9aee-7d3b98a406ba","imgMO09":"09adb3d7-ab61-438f-84d7-756369377f74","StarVisible86":"302546c9-3227-4ae0-9be5-c10051cefcc9","chkMO09":"d2122229-351e-4bb7-9546-a2f607d578fe","ErrorMessage86":"4dc20f37-88aa-40ce-bb6d-45fd5f804fe1","MO Checklist_10_DataCard1":"e7251171-d371-40f3-9ec5-f4582cbff0db","imgMO10":"a1cb26d4-4104-46d5-8030-e88c3c2a31f0","StarVisible87":"4937a182-a01d-47f9-a6da-d9b8c220a463","chkMO10":"00344ef0-7b6a-42ec-9a36-3e62e466ebe2","ErrorMessage87":"ec94dc4e-efee-43fc-87c7-32e38863345f","Medic Checklist_03_DataCard1":"b4aa5ef1-d3b9-4eeb-b3d8-24feeab24eee","imgMedic03":"e83ce0fe-4b37-4587-993b-fc9b3f81197d","StarVisible88":"b6ebfba2-1a5e-4e3c-938e-4795ad0c6690","chkMedic03":"c4f80324-30b1-4da0-ac16-166004ba8fea","ErrorMessage88":"6f8ec1b5-e5a9-4c31-86e9-afe1690e4950","Medic Checklist_04_DataCard1":"64961c17-b14a-4dcb-9aec-3f0f9403bf42","imgMedic04":"2923cf9e-4fba-435b-9885-76bddfb83ba8","StarVisible89":"87dc73fd-4074-47ac-b272-ba16fe459ec0","chkMedic04":"cddbc5c6-f7c4-4483-bd78-94e2bf0d92a9","ErrorMessage89":"9ad420a4-034d-44c3-990b-c9b9ec05fae5","Medic Checklist_05_DataCard1":"1d246466-8f5b-432c-b4e2-f159fa984d0c","imgMedic05":"7c00966e-5127-4a1d-9e99-a2824be23866","StarVisible90":"dc04b860-caff-41a2-a64f-3f92648090a1","chkMedic05":"7ad6e93a-911a-4adf-b1d5-bcc4879cb9a7","ErrorMessage90":"577a0ea9-f2bf-4ffd-9962-647dc86f667b","Medic Checklist_06_DataCard1":"449af159-1575-4eb2-94c8-1fe60936ebd6","imgMedic06":"69d63ee4-0864-43eb-86b3-e466035eaaf2","StarVisible91":"11a26234-aba8-4103-931b-d2912f447c71","chkMedic06":"2804b168-73a3-4741-b8dc-942fdbad86e6","ErrorMessage91":"ff5ec06c-81ef-4069-91c8-0f138f658842","Medic Checklist_07_DataCard1":"7c3dea06-1182-492e-b5b9-2472c15d0ca0","imgMedic07":"2d50dfb4-528a-4d19-a146-8831df5a6471","StarVisible92":"84a87288-bf70-4b2f-8a81-46d3e8cadac9","chkMedic07":"605ed265-d1f1-4776-8ffc-0be0cb3b8475","ErrorMessage92":"9f304b08-b78b-4ed8-be3f-a3f3b482940c","Medic Checklist_08_DataCard1":"685083d8-cfb2-4e1d-858c-ae350383dc81","imgMedic08":"f14b619f-6b4c-404d-94f9-d91b7aa1d8c3","StarVisible93":"49bc4090-270d-4306-bf5a-5f6167f20b7c","chkMedic08":"5ca1c8c1-3a87-489b-aa5f-06957946fc6e","ErrorMessage93":"0c8d180c-3ea3-4aff-85db-4c8176021f15","Medic Checklist_09_DataCard1":"95308ae6-7d0d-4caa-b9b3-99bd7634ae8d","imgMedic09":"1540d920-760b-46a2-adf6-303e91cdb1d3","StarVisible94":"1069082d-9bde-46cd-ba8e-f1f8e2c9a562","chkMedic09":"9ef6c104-aeea-41b6-82e8-28af1cc3761f","ErrorMessage94":"3017ee60-7abc-4071-928a-5b95ddce66c3","Medic Checklist_10_DataCard1":"dd015bc6-a53c-4c39-b3bb-536f89375b6f","imgMedic10":"e4dd0026-7b7e-4968-8afb-16d50f8a3cdd","StarVisible95":"5e25d144-190d-43b9-bb6b-7d4f9c9dbeb1","chkMedic10":"5af8cd14-d5ad-46cf-bfe3-f641239ff480","ErrorMessage95":"361f28a8-6840-4439-bd2b-63f12bc8bea0","Medic Checklist_11_DataCard1":"224b7607-a1e3-45d1-b400-3eaa447689f2","imgMedic11":"05f50698-57d5-40ca-bec3-795113877b76","StarVisible40":"24200246-22d2-4607-894f-ff4c75fe84a1","chkMedic11":"cf237384-c184-4462-9122-8ea05f850550","ErrorMessage40":"5b50b9c1-2c4d-4dda-bfaa-9cc7e597467a","Medic Checklist_12_DataCard1":"12406a38-8fa5-46eb-b6cf-75a5924109b8","imgMedic12":"21e99dfe-efd2-45a8-a57a-bd37ea2f089f","StarVisible43":"162f7597-9bf7-4032-82fc-080bb142884d","chkMedic12":"0d9953ea-e8d7-4147-b02b-bdf76d4eb3c9","ErrorMessage43":"a45d9409-2cb9-42b8-8913-dff3d8b5bc20","MO Checklist_11_DataCard1":"f587f825-e6f7-4e42-88b8-0a07daaa77fa","imgMO11":"e05e26f8-b761-4f24-a83e-8aaf5cead0ed","StarVisible78":"f81bcca0-4cb0-4f9f-be6c-ce6f43f45a54","chkMO11":"071fd2d2-d955-4943-a2c1-913b295433c9","ErrorMessage78":"5018c4d2-a1ca-466a-aa1b-1936b6c050c3","MO Checklist_12_DataCard1":"3539b134-59e0-4776-af92-ca4a386a9d69","imgMO12":"89e01052-7d3a-480f-ae9e-1e2af72caa0f","StarVisible79":"50b52de1-b246-479b-b491-e5510e6bb124","chkMO12":"135122af-cc69-48eb-8115-149b442297ce","ErrorMessage79":"43859670-559a-4f0d-831a-e19c0bb4a61a","recDarken_5":"25851932-7649-4133-b79f-896d1c77e746","conModalItems_5":"28fb44a6-3523-4f9b-a575-c4663649f7a4","Gallery4_4":"44c04f66-85ae-4a5e-82f5-75ffd39d5406","befc71ba-f389-4cb7-bbb5-067ce7fc0895_2":"0e700c0e-675f-4f67-a060-143846b300cd","Image2_3":"5b621b9d-30fb-4f4b-b878-7be053482bd6","lblTitle_7":"2736ec4a-c828-4a9a-b83d-67de01a04801","btnCloseModal_5":"89e6d352-cebc-4b1a-87c7-22b079fe2195","grpModal_5":"e09c0203-c80a-4bf1-95e1-08d12a9797f3"}