<ImportExportXml version="9.2.25083.151" SolutionPackageVersion="9.2" languagecode="1033" generatedBy="CrmLive" xmlns:xsi="http://www.w3.org/2001/XMLSchema-instance" OrganizationVersion="9.2.25083.151" OrganizationSchemaType="Full" CRMServerServiceabilityVersion="9.2.25083.00151">
  <SolutionManifest>
    <UniqueName>RSAF_HEME_App_Patch_9e8a2acd</UniqueName>
    <LocalizedNames>
      <LocalizedName description="RSAF_HEME_App-patch 0830" languagecode="1033" />
    </LocalizedNames>
    <Descriptions>
      <Description description="Patch for RSAF_HEME_App" languagecode="1033" />
    </Descriptions>
    <ParentUniqueName>RSAF_HEME_App</ParentUniqueName>
    <Version>1.0.1.22</Version>
    <Managed>0</Managed>
    <Publisher>
      <UniqueName>DefaultPublisherorg229fdae7</UniqueName>
      <LocalizedNames>
        <LocalizedName description="Default Publisher for org229fdae7" languagecode="1033" />
      </LocalizedNames>
      <Descriptions>
        <Description description="Default publisher for this organization" languagecode="1033" />
      </Descriptions>
      <EMailAddress xsi:nil="true"></EMailAddress>
      <SupportingWebsiteUrl xsi:nil="true"></SupportingWebsiteUrl>
      <CustomizationPrefix>rsaf</CustomizationPrefix>
      <CustomizationOptionValuePrefix>10000</CustomizationOptionValuePrefix>
      <Addresses>
        <Address>
          <AddressNumber>1</AddressNumber>
          <AddressTypeCode xsi:nil="true"></AddressTypeCode>
          <City xsi:nil="true"></City>
          <County xsi:nil="true"></County>
          <Country xsi:nil="true"></Country>
          <Fax xsi:nil="true"></Fax>
          <FreightTermsCode xsi:nil="true"></FreightTermsCode>
          <ImportSequenceNumber xsi:nil="true"></ImportSequenceNumber>
          <Latitude xsi:nil="true"></Latitude>
          <Line1 xsi:nil="true"></Line1>
          <Line2 xsi:nil="true"></Line2>
          <Line3 xsi:nil="true"></Line3>
          <Longitude xsi:nil="true"></Longitude>
          <Name xsi:nil="true"></Name>
          <PostalCode xsi:nil="true"></PostalCode>
          <PostOfficeBox xsi:nil="true"></PostOfficeBox>
          <PrimaryContactName xsi:nil="true"></PrimaryContactName>
          <ShippingMethodCode xsi:nil="true"></ShippingMethodCode>
          <StateOrProvince xsi:nil="true"></StateOrProvince>
          <Telephone1 xsi:nil="true"></Telephone1>
          <Telephone2 xsi:nil="true"></Telephone2>
          <Telephone3 xsi:nil="true"></Telephone3>
          <TimeZoneRuleVersionNumber xsi:nil="true"></TimeZoneRuleVersionNumber>
          <UPSZone xsi:nil="true"></UPSZone>
          <UTCOffset xsi:nil="true"></UTCOffset>
          <UTCConversionTimeZoneCode xsi:nil="true"></UTCConversionTimeZoneCode>
        </Address>
        <Address>
          <AddressNumber>2</AddressNumber>
          <AddressTypeCode xsi:nil="true"></AddressTypeCode>
          <City xsi:nil="true"></City>
          <County xsi:nil="true"></County>
          <Country xsi:nil="true"></Country>
          <Fax xsi:nil="true"></Fax>
          <FreightTermsCode xsi:nil="true"></FreightTermsCode>
          <ImportSequenceNumber xsi:nil="true"></ImportSequenceNumber>
          <Latitude xsi:nil="true"></Latitude>
          <Line1 xsi:nil="true"></Line1>
          <Line2 xsi:nil="true"></Line2>
          <Line3 xsi:nil="true"></Line3>
          <Longitude xsi:nil="true"></Longitude>
          <Name xsi:nil="true"></Name>
          <PostalCode xsi:nil="true"></PostalCode>
          <PostOfficeBox xsi:nil="true"></PostOfficeBox>
          <PrimaryContactName xsi:nil="true"></PrimaryContactName>
          <ShippingMethodCode xsi:nil="true"></ShippingMethodCode>
          <StateOrProvince xsi:nil="true"></StateOrProvince>
          <Telephone1 xsi:nil="true"></Telephone1>
          <Telephone2 xsi:nil="true"></Telephone2>
          <Telephone3 xsi:nil="true"></Telephone3>
          <TimeZoneRuleVersionNumber xsi:nil="true"></TimeZoneRuleVersionNumber>
          <UPSZone xsi:nil="true"></UPSZone>
          <UTCOffset xsi:nil="true"></UTCOffset>
          <UTCConversionTimeZoneCode xsi:nil="true"></UTCConversionTimeZoneCode>
        </Address>
      </Addresses>
    </Publisher>
    <RootComponents>
      <RootComponent type="1" schemaName="cr1de_medicinflightchecklist" behavior="0" />
      <RootComponent type="1" schemaName="rsaf_casualtyinformationchart" behavior="0" />
      <RootComponent type="1" schemaName="rsaf_checklistimagelibrary" behavior="0" />
      <RootComponent type="1" schemaName="rsaf_csarchecklist" behavior="0" />
      <RootComponent type="1" schemaName="rsaf_landingchecklist" behavior="0" />
      <RootComponent type="1" schemaName="rsaf_missionorder" behavior="0" />
      <RootComponent type="1" schemaName="rsaf_preflightprotocolchecklist" behavior="0" />
      <RootComponent type="1" schemaName="rsaf_rearwardhemehotochecklist" behavior="0" />
      <RootComponent type="1" schemaName="rsaf_vitalstrending" behavior="0" />
      <RootComponent type="9" schemaName="rsaf_gender" behavior="0" />
      <RootComponent type="29" id="{ab8dfffc-3c2a-f011-8c4e-000d3ac84bca}" behavior="0" />
      <RootComponent type="29" id="{b6dda77e-aa84-f011-b4cc-6045bd214241}" behavior="0" />
      <RootComponent type="29" id="{fd86bdb2-7325-f011-8c4d-002248596e4d}" behavior="0" />
      <RootComponent type="161" id="{0f73b6e2-8f2c-f011-8c4e-000d3ac84bca}" behavior="0" />
      <RootComponent type="300" schemaName="cr4c4_rsafheme_86be1" behavior="0" />
    </RootComponents>
    <MissingDependencies />
  </SolutionManifest>
</ImportExportXml>