<aiskillconfig uniquename="ais_FormFillFieldOptOut_rsaf_vitalstrending_rsaf_ivperfusomatcheck">
  <aiskill>FormFillFieldOptOut</aiskill>
  <attribute>
    <entityid.logicalname>rsaf_vitalstrending</entityid.logicalname>
    <logicalname>rsaf_ivperfusomatcheck</logicalname>
  </attribute>
  <description>rsaf_vitalstrending - IV / Perfusomat Check Form fill opt out</description>
  <entity>
    <logicalname>rsaf_vitalstrending</logicalname>
  </entity>
  <iscustomizable>1</iscustomizable>
  <scope>1</scope>
  <statecode>0</statecode>
  <statuscode>1</statuscode>
</aiskillconfig>